{
	"twitter_consumer_key":"YSzeNOpH0TIxinw88hPzlex8s",
	"twitter_consumer_secret": "S9SpHDTPcpTvyVFXWlIPFirASN0DNcOdRJn7JH0o6WZFJYK8Le",
	"twitter_access_token": "931720718168887296-6zNZBv6058p4DJMO9uLyJj0TuJjJBbj",
	"twitter_access_token_secret": "DkiiTP0UCinjxTV8Ph3ws7e7JwMQYWS1OX7Lj6oU1VKyb",
	"cloudant_username": "793b3382-3043-4eab-8230-df8e4306f16c-bluemix",
	"cloudant_password": "a4095e766bf17a59e1fb3b835271123ee63ae37e0a40f4e1a0e3bdf9f1694512",
	"cloudant_url": "https://793b3382-3043-4eab-8230-df8e4306f16c-bluemix:a4095e766bf17a59e1fb3b835271123ee63ae37e0a40f4e1a0e3bdf9f1694512@793b3382-3043-4eab-8230-df8e4306f16c-bluemix.cloudant.com",
	"cloudant_database_name": "BrittoTwitterdata"
}
