_id,_rev,deviceType,deviceId,eventType,format,timestamp,WS_sensorData_NO2,WS_sensorData_NO,WS_sensorData_NOX,WS_sensorData_StWd,WS_sensorData_WDS,WS_sensorData_WDD,WS_sensorData_ITemp,WS_sensorData_O3,WS_sensorData_SO2,WS_sensorData_Filter,WS_sensorData_PM2_5,WS_sensorData_PM10,WS_sensorData_O_Xyle,WS_sensorData_EthylB,WS_sensorData_BENZN,WS_sensorData_TOLUEN,WS_sensorData_TEMP,WS_sensorData_TOL,WS_sensorData_FILTER25,WS_sensorData_PM_10_25,WS_sensorData_BP,WS_sensorData_PREC,WS_sensorData_SR,WS_sensorData_CO,WS_sensorData_RH,WS_sensorData_NO2_TRAFIC,WS_sensorData_NO_TRAFIC,WS_sensorData_NOX_TRAFIC,WS_sensorData_CO_TRAFIC,WSV2_sensorData_BENZN,WSV2_sensorData_TOLUEN,date,time
52e9ae10-c740-11e7-922d-e592d25dbe09,1-e85c8ecec1c97dfd7cc8b7322e1b71ce,WS,Old-Market,sensorData,json,2017-11-11T16:27:54.097-08:00,3.2,0.3,3.7,13.12,0.9,182,23.9,43.8,2,,,,,,,,,,,,,,,,,,,,,,,2017-11-11,16:27:54.097-08:00
52f260a0-c740-11e7-90b6-a33da586196f,1-fc2db943a98a70c6bbe044b2b2ccdbd0,WS,Kiryat-Tivon,sensorData,json,2017-11-11T16:27:54.154-08:00,,,,,,,,,0,,,,,,,,,,,,,,,,,,,,,,,2017-11-11,16:27:54.154-08:00
52f71b90-c740-11e7-826b-4378d3375672,1-2c523afe2737de9a4c33bbb932936c36,WS,Kiryat-Binyamin,sensorData,json,2017-11-11T16:27:54.185-08:00,34,1,36,17.44,0.5,110,,,,,,,,,,,,,,,,,,,,,,,,,,2017-11-11,16:27:54.185-08:00
52fbfd90-c740-11e7-922d-e592d25dbe09,1-bedc36c1304eaf23ad992a9cfe741db1,WS,Kiryat-Ata,sensorData,json,2017-11-11T16:27:54.217-08:00,10.2,-1.6,7.6,13.85,0.8,312,24.2,,0,53,15.9,,,,,,,,,,,,,,,,,,,,,2017-11-11,16:27:54.217-08:00
53021810-c740-11e7-922d-e592d25dbe09,1-7f78a0d369722041e6da691c21d8ab12,WS,Neve-Shaanan,sensorData,json,2017-11-11T16:27:54.257-08:00,3.5,0,3.3,,1,339,,,-1.3,44,,18.7,0,-0.5,-0.09,0,,,,,,,,,,,,,,,,2017-11-11,16:27:54.257-08:00
531021d0-c740-11e7-90b6-81dfcd22b622,1-23f9c3bc87b2247a0fe2906227842bca,WS,Daliat-el-Carmel,sensorData,json,2017-11-11T16:27:54.349-08:00,5.6,-0.5,4.8,16.26,0.5,120,,,1.3,,22.2,,-0.2,0.2,-0.21,,20.8,1,,,,,,,,,,,,,,2017-11-11,16:27:54.349-08:00
5319bec0-c740-11e7-922d-e592d25dbe09,1-a7c652193426bed94df1f620b2e06e3c,WS,Ahuza,sensorData,json,2017-11-11T16:27:54.412-08:00,7.3,2.1,10.6,10.37,0,26,22.4,52,-0.1,20,11.9,23.8,,,,,23.3,,45,11.8,1002,0,9.4,,,,,,,,,2017-11-11,16:27:54.412-08:00
53244610-c740-11e7-a9dd-914287fc516e,1-711d4705eb47e5d67145fa34b745417b,WS,Shprintsak,sensorData,json,2017-11-11T16:27:54.481-08:00,1.5,0,1.4,,,,25.6,92,-1.3,15,10.8,16.4,,,,,22.7,,3,5.5,1004,0,,,,,,,,,,2017-11-11,16:27:54.481-08:00
532b7200-c740-11e7-922d-e592d25dbe09,1-4183ba6f75055f4908e42d10960e906f,WS,Kiryat-Motzkin,sensorData,json,2017-11-11T16:27:54.528-08:00,8.4,-0.1,8.1,,1.8,257,20.9,72.6,-0.3,5,6.8,,,,,,22.5,,40,-8.1,983,0,39.6,0.27,80,,,,,,,2017-11-11,16:27:54.528-08:00
532f1b80-c740-11e7-a9dd-914287fc516e,1-93397b665c590797bf09122201733c13,WS,Kiryat-Yam,sensorData,json,2017-11-11T16:27:54.552-08:00,8,0,7,53.81,0.3,128,27.1,,-0.3,,,,,,,,,,,,,,,,,,,,,,,2017-11-11,16:27:54.552-08:00
5334c0d0-c740-11e7-ae37-617ddee8b477,1-06d4821a65307155827d3bac73a44af1,WS,Kiryat-Hayim-Regavim,sensorData,json,2017-11-11T16:27:54.589-08:00,-0.9,0,-1,8.44,0.5,276,25.6,,0.1,,,,,,,,21.9,,,,,,,,61,,,,,,,2017-11-11,16:27:54.589-08:00
5347d3a0-c740-11e7-90b6-a33da586196f,1-4d42cd6b3020cf8ec02d3e41fc2522ba,WS,Nesher,sensorData,json,2017-11-11T16:27:54.714-08:00,15.8,-0.4,15.2,52.99,0.7,227,23,,1.7,17,,21.1,0.1,0.1,-0.17,4.1,23.1,,,,,0,,,63,,,,,,,2017-11-11,16:27:54.714-08:00
53514980-c740-11e7-922d-e592d25dbe09,1-608039385a53e982ba6752c2136db920,WS,Einstein,sensorData,json,2017-11-11T16:27:54.776-08:00,,,,,,,,,,,,,,,,,,,,,,,,,,,,,,,,2017-11-11,16:27:54.776-08:00
53551a10-c740-11e7-ad52-afff43ebfbca,1-0ac19af0d7e5955c896e1830f715a42c,WS,Kfar-Hasidim,sensorData,json,2017-11-11T16:27:54.801-08:00,4.7,-0.7,3.6,20.12,0.5,241,24.5,,0.2,,15.1,19,,,,,,,30,,,,,,,5,0,4,0.12,,,2017-11-11,16:27:54.801-08:00
542e3c01-c740-11e7-8ea3-bdeefb14cb95,1-ca80005f0f1a3c5a54ddd34ef1121b8b,WS,Old-Market,sensorData,json,2017-11-11T16:27:56.224-08:00,2.1,0,2.2,12.02,1.3,180,23.6,50.1,,,,,,,,,,,,,,,,,,,,,,,,2017-11-11,16:27:56.224-08:00
543a7100-c740-11e7-826b-4378d3375672,1-340331ff5b5f63d136647ab832c9b648,WS,Kiryat-Tivon,sensorData,json,2017-11-11T16:27:56.304-08:00,,,,,,,,,0,,,,,,,,,,,,,,,,,,,,,,,2017-11-11,16:27:56.304-08:00
5440d9a0-c740-11e7-8516-a1b443649ea9,1-289f774e59810a0a413b4c63b24d15ef,WS,Kiryat-Binyamin,sensorData,json,2017-11-11T16:27:56.346-08:00,37,13,57,22.4,0.5,112,,,,,,,,,,,,,,,,,,,,,,,,,,2017-11-11,16:27:56.346-08:00
54480590-c740-11e7-8ea3-bdeefb14cb95,1-f4206402bced3d5d13c161771c605a55,WSV2,Rekhasim,sensorData,json,2017-11-11T16:27:56.393-08:00,,,,,,,,,,,,,,,,,,,,,,,,,,,,,,0.3,1.2,2017-11-11,16:27:56.393-08:00
544ee360-c740-11e7-b396-8b80b3cfc651,1-84c7df88b3b0a45f3e18cc37012a07dd,WS,Kiryat-Ata,sensorData,json,2017-11-11T16:27:56.438-08:00,10.1,-1.6,7.6,21.26,0.3,298,24,70.5,0,53,11.4,,,,,,,,,,,,,,,,,,,,,2017-11-11,16:27:56.438-08:00
545217b0-c740-11e7-a9dd-914287fc516e,1-78e769988c8b3f4d4018a848aa4f9def,WS,Neve-Shaanan,sensorData,json,2017-11-11T16:27:56.459-08:00,14.6,-0.3,14,,0.3,175,,,-0.7,44,,18.4,0,-0.5,-0.09,0,,,,,,,,,,,,,,,,2017-11-11,16:27:56.459-08:00
545c77f0-c740-11e7-90b6-81dfcd22b622,1-b0f73b32a036307b39b21f392c8662da,WS,Daliat-el-Carmel,sensorData,json,2017-11-11T16:27:56.527-08:00,,,,10.91,0.6,121,,,0.6,,13.3,,-0.2,0.3,-0.21,,20.5,1,,,,,,,,,,,,,,2017-11-11,16:27:56.527-08:00
5461a810-c740-11e7-ae37-617ddee8b477,1-ada2c304da988967ad5dde02380fd968,WS,Ahuza,sensorData,json,2017-11-11T16:27:56.561-08:00,9.8,2.7,14,17.75,0.3,129,22.3,43.1,-0.1,20,13.5,29.3,,,,,23.2,,45,15.8,1002,0,9.4,,,,,,,,,2017-11-11,16:27:56.561-08:00
546f3ca0-c740-11e7-ad52-afff43ebfbca,1-cfffa689cb20efad0c80445197d7d790,WS,Shprintsak,sensorData,json,2017-11-11T16:27:56.650-08:00,1.8,0,1.8,,,,25.6,92.4,-1.6,15,8.1,12.6,,,,,22.8,,3,4.5,1004,0,,,,,,,,,,2017-11-11,16:27:56.650-08:00
54746cc0-c740-11e7-a9dd-914287fc516e,1-6b7d0cb6a612ccd43aecec8cdf5e09ed,WS,Kiryat-Motzkin,sensorData,json,2017-11-11T16:27:56.684-08:00,,,,,2.1,242,21,76.4,-0.1,5,5.5,,,,,,22.4,,41,-28,983,0,39.5,0.26,74,,,,,,,2017-11-11,16:27:56.684-08:00
547f1b20-c740-11e7-826b-4378d3375672,1-80e500a5aa8129cd3274890e111e4bec,WS,Kiryat-Yam,sensorData,json,2017-11-11T16:27:56.754-08:00,8,0,7,4.06,1.3,127,27.2,63,-0.3,,,,,,,,,,,,,,,,,,,,,,,2017-11-11,16:27:56.754-08:00
54829d91-c740-11e7-8ea3-bdeefb14cb95,1-ca38e3b3b2889781b3a9f578f8830cbb,WS,Kiryat-Hayim-Regavim,sensorData,json,2017-11-11T16:27:56.777-08:00,-0.1,-0.2,-0.5,4.13,0.6,275,25.6,,0,,,,,,,,21.7,,,,,,,,62,,,,,,,2017-11-11,16:27:56.777-08:00
549a9260-c740-11e7-b396-8b80b3cfc651,1-45a31e64135ae8fd650d7f62bf46cac1,WS,Nesher,sensorData,json,2017-11-11T16:27:56.934-08:00,26.1,0.1,26.4,54.37,0.6,175,23.1,50.9,1.5,17,,23.5,0.1,0.1,0.13,2.8,22.8,,,,,0,,,61,,,,,,,2017-11-11,16:27:56.934-08:00
54a0d3f0-c740-11e7-ad52-afff43ebfbca,1-b4765a3901a3c0f27bb9dc34a766cad6,WS,Kfar-Hasidim,sensorData,json,2017-11-11T16:27:56.975-08:00,2.3,-0.7,1.1,12.17,0.5,196,24.4,,0.4,,15,19,,,,,,,30,,,,,,,3,0,2,0.24,,,2017-11-11,16:27:56.975-08:00
54af2bd0-c740-11e7-a297-b5cc7e104dd1,1-1a9a4df745a85220045642b99c87bd77,WS,Einstein,sensorData,json,2017-11-11T16:27:57.069-08:00,,,,,,,,,,,,,,,,,,,,,,,,,,,,,,,,2017-11-11,16:27:57.069-08:00
556ef960-c740-11e7-8b57-e994f8ea70af,1-e8c8375a6c4103ab5412b9c5e4d425b6,WS,Old-Market,sensorData,json,2017-11-11T16:27:58.326-08:00,1.8,0,1.9,13.88,1.2,178,23.9,53.3,,,,,,,,,,,,,,,,,,,,,,,,2017-11-11,16:27:58.326-08:00
55782120-c740-11e7-922d-e592d25dbe09,1-2c4081115ab4e1a21af807a972e76e0a,WS,Kiryat-Tivon,sensorData,json,2017-11-11T16:27:58.386-08:00,,,,,,,,,0,,,,,,,,,,,,,,,,,,,,,,,2017-11-11,16:27:58.386-08:00
5583e0f0-c740-11e7-90b6-81dfcd22b622,1-24b1e6048636a1ad4682305d814459e1,WS,Kiryat-Binyamin,sensorData,json,2017-11-11T16:27:58.463-08:00,36,2,40,13.12,0.7,108,,,,,,,,,,,,,,,,,,,,,,,,,,2017-11-11,16:27:58.463-08:00
558c9380-c740-11e7-a9dd-914287fc516e,1-9933a2ed259f57a100c8f9899154154a,WS,Daliat-el-Carmel,sensorData,json,2017-11-11T16:27:58.520-08:00,,,,10.98,1.2,110,,,0.8,,16.8,,-0.1,0.3,-0.17,,20.5,1.1,,,,,,,,,,,,,,2017-11-11,16:27:58.520-08:00
558cba90-c740-11e7-90b6-a33da586196f,1-86c490b26e9a000b0c2309b8f2c1fade,WS,Kiryat-Ata,sensorData,json,2017-11-11T16:27:58.521-08:00,15.7,-1.2,13.8,16.74,0.6,102,23.6,46.5,0,53,6.9,,,,,,,,,,,,,,,,,,,,,2017-11-11,16:27:58.521-08:00
55b1a7b0-c740-11e7-90b6-81dfcd22b622,1-f8db54a6af0fe9db7777fdaba4197678,WS,Neve-Shaanan,sensorData,json,2017-11-11T16:27:58.763-08:00,26.5,-0.1,26.3,,1.2,164,,,-0.7,44,,22.8,0.1,-0.4,0.03,2.6,,,,,,,,,,,,,,,,2017-11-11,16:27:58.763-08:00
55baf680-c740-11e7-b396-8b80b3cfc651,1-44e319bf2007f5ce130aa480f99e3313,WS,Ahuza,sensorData,json,2017-11-11T16:27:58.824-08:00,6.8,2.6,10.9,17.71,0.5,114,22.3,44.4,-0.1,20,11.9,18,,,,,22.9,,45,6.1,1002,0,10,,,,,,,,,2017-11-11,16:27:58.824-08:00
55bca430-c740-11e7-a9dd-914287fc516e,1-6ef88349480a6f40b410bc3ee242fad3,WS,Shprintsak,sensorData,json,2017-11-11T16:27:58.835-08:00,7.8,0.1,8,,,,25.7,,-1.4,15,9.6,15.4,,,,,22.5,,3,5.8,1004,0,,0.03,,,,,,,,2017-11-11,16:27:58.835-08:00
55c3a910-c740-11e7-922d-e592d25dbe09,1-ee971a75c1915b81624b80e45ada9ac6,WS,Kiryat-Motzkin,sensorData,json,2017-11-11T16:27:58.881-08:00,6.9,-0.2,6.6,,2,248,21.2,78,-0.2,5,7.7,,,,,,22.4,,40,-19.6,983,0,39.7,0.26,75,,,,,,,2017-11-11,16:27:58.881-08:00
55d694d0-c740-11e7-90b6-81dfcd22b622,1-dc6310eb01ce511859d61460546deff7,WS,Kiryat-Yam,sensorData,json,2017-11-11T16:27:59.005-08:00,14,0,13,6.52,2,140,27.2,48,-0.4,,,,,,,,,,,,,,,,,,,,,,,2017-11-11,16:27:59.005-08:00
55db76d0-c740-11e7-90b6-a33da586196f,1-e1d17625aa1f9df3015a765ceb9f0795,WS,Kiryat-Hayim-Regavim,sensorData,json,2017-11-11T16:27:59.037-08:00,-0.1,-0.1,-0.3,2.78,0.7,278,25.5,,-0.1,,,,,,,,21.8,,,,,,,,61,,,,,,,2017-11-11,16:27:59.037-08:00
55efc220-c740-11e7-8516-a1b443649ea9,1-85994a63a0620417fe6c3288e5f1549d,WS,Nesher,sensorData,json,2017-11-11T16:27:59.170-08:00,27.4,-0.3,26.8,4.7,2.5,118,23,39,1.1,17,,27.5,0.2,0.2,1.1,4.2,21.3,,,,,0,,,66,,,,,,,2017-11-11,16:27:59.170-08:00
55fa7080-c740-11e7-8516-a1b443649ea9,1-84ea68a26d6d68ffa11f043b02fea55c,WS,Kfar-Hasidim,sensorData,json,2017-11-11T16:27:59.240-08:00,4,-0.8,2.8,13.96,0.4,198,24.3,,,,14.6,18,,,,,,,30,,,,,,,6,0,6,0,,,2017-11-11,16:27:59.240-08:00
6e692b71-c740-11e7-a9dd-914287fc516e,1-60a30df681cb63da1f05b5ddcf92f47c,WS,Old-Market,sensorData,json,2017-11-11T16:28:40.231-08:00,1,-0.2,0.6,24.35,2,352,25,54.3,3.7,,,,,,,,,,,,,,,,,,,,,,,2017-11-11,16:28:40.231-08:00
6e75ae90-c740-11e7-90b6-81dfcd22b622,1-83bdb5f2796dd598a67a89cae696f860,WS,Kiryat-Tivon,sensorData,json,2017-11-11T16:28:40.313-08:00,,,,,,,,,0,,,,,,,,,,,,,,,,,,,,,,,2017-11-11,16:28:40.313-08:00
6e7fc0b0-c740-11e7-8516-a1b443649ea9,1-9b5ed66798e2732e3c671d01c1bb0a09,WS,Kiryat-Binyamin,sensorData,json,2017-11-11T16:28:40.379-08:00,6,1,8,23.73,3.1,299,,,,,,,,,,,,,,,,,,,,,,,,,,2017-11-11,16:28:40.379-08:00
6e82a6e0-c740-11e7-b396-8b80b3cfc651,1-4907744cf0301f1283a561028cebab7d,WS,Kiryat-Ata,sensorData,json,2017-11-11T16:28:40.398-08:00,10,-1.2,8.1,25.32,2.5,323,23.2,103,1.5,52,19.6,,,,,,,,,,,,,,,,,,,,,2017-11-11,16:28:40.398-08:00
6e882520-c740-11e7-8ea3-bdeefb14cb95,1-80f21e614cb9f35f74dd60e55241e23d,WS,Neve-Shaanan,sensorData,json,2017-11-11T16:28:40.434-08:00,3.6,0,3.6,,3.2,351,,,-0.8,44,,28.6,0,-0.5,-0.09,0,,,,,,,,,,,,,,,,2017-11-11,16:28:40.434-08:00
6e8edbe0-c740-11e7-a9dd-914287fc516e,1-1eeab26907a63d2f648259dfb26af3f9,WS,Daliat-el-Carmel,sensorData,json,2017-11-11T16:28:40.478-08:00,9.9,0.9,11.3,15.29,3.5,312,,,0.3,,13.2,,-0.2,0.2,-0.28,,27.5,1.4,,,,,,,,,,,,,,2017-11-11,16:28:40.478-08:00
6ea10450-c740-11e7-90b6-a33da586196f,1-4c2bee041d9acabfa46f13fc20db8fb3,WS,Igud,sensorData,json,2017-11-11T16:28:40.597-08:00,4.4,3.8,10.3,24.36,3,284,21.9,74.9,0,19,12.1,19.1,,,,,28.1,,43,6.9,1002,0,273.3,,,,,,,,,2017-11-11,16:28:40.597-08:00
6eabb2b0-c740-11e7-826b-4378d3375672,1-a77418c63a8d1feaf3cb9ebc6ea60b6c,WS,Ahuza,sensorData,json,2017-11-11T16:28:40.667-08:00,19.3,4,25.5,,,,25.6,77.8,0.4,13,18,34.2,,,,,28.4,,2,16.2,1004,0,,-0.04,,,,,,,,2017-11-11,16:28:40.667-08:00
6eb26970-c740-11e7-a9dd-914287fc516e,1-4b357390ed98fe02984e871cd89971b5,WS,Shprintsak,sensorData,json,2017-11-11T16:28:40.711-08:00,11.5,0.9,13.1,,2.5,358,21,88.4,0,5,12.4,35.1,,,,,27.3,,39,22.6,983,0,863.3,0.3,61,,,,,,,2017-11-11,16:28:40.711-08:00
6eb5ebe0-c740-11e7-8b57-e994f8ea70af,1-fa98594c76f7fb1a576770c0ca1dc793,WS,Kiryat-Motzkin,sensorData,json,2017-11-11T16:28:40.734-08:00,15,0,16,18.39,5.4,336,26.6,98,1.3,,,,,,,,,,,,,,,,,,,,,,,2017-11-11,16:28:40.734-08:00
6ec33251-c740-11e7-a9dd-914287fc516e,1-1655fe1b7ad42ba2a61963af78c66acf,WS,Kiryat-Yam,sensorData,json,2017-11-11T16:28:40.821-08:00,1.8,0.2,2.1,9.9,1.1,269,28.2,,0.6,,,,,,,,29.7,,,,,,,,45,,,,,,,2017-11-11,16:28:40.821-08:00
6ed3fb30-c740-11e7-8516-a1b443649ea9,1-77327a389c44a07069eb5d4c79df54a1,WS,Kiryat-Bialik,sensorData,json,2017-11-11T16:28:40.931-08:00,15.7,7.1,26.6,20.43,2.2,315,26.4,76.7,0,17,21.1,28,0.2,0.1,-0.18,3.7,27.6,,30,,,0,,,56,39,14,61,0,,,2017-11-11,16:28:40.931-08:00
6eded0a0-c740-11e7-b396-8b80b3cfc651,1-35fcaa1de5b4c91657d604dc95f2c343,WS,Nesher,sensorData,json,2017-11-11T16:28:41.002-08:00,1,0.1,1.2,,,,,42,,,13,23,0,0,0,0.1,,,,,,,,0.18,,,,,,,,2017-11-11,16:28:41.002-08:00
6fb644e0-c740-11e7-ae37-617ddee8b477,1-738769ccb1e68cd66b8dcf952830deef,WS,Old-Market,sensorData,json,2017-11-11T16:28:42.414-08:00,1.2,-0.1,0.9,19.89,2.2,349,25,53.8,3.1,,,,,,,,,,,,,,,,,,,,,,,2017-11-11,16:28:42.414-08:00
6fcd4f50-c740-11e7-922d-e592d25dbe09,1-df52b565f963d72e0a44d912dd873b5f,WS,Kiryat-Tivon,sensorData,json,2017-11-11T16:28:42.565-08:00,,,,,,,,,0,,,,,,,,,,,,,,,,,,,,,,,2017-11-11,16:28:42.565-08:00
6fd6ec42-c740-11e7-8b57-e994f8ea70af,1-6cc4b35007c2afe21359ae7d5493ecb3,WS,Kiryat-Binyamin,sensorData,json,2017-11-11T16:28:42.628-08:00,7,1,9,24.06,3.2,298,,,,,,,,,,,,,,,,,,,,,,,,,,2017-11-11,16:28:42.628-08:00
6fe4a7e0-c740-11e7-b396-8b80b3cfc651,1-7df933c652fa52dfa3b42354c9b9f03d,WS,Kiryat-Ata,sensorData,json,2017-11-11T16:28:42.718-08:00,11.4,-1.3,9.4,24.23,2.5,320,23.2,106,1.1,52,16.9,,,,,,,,,,,,,,,,,,,,,2017-11-11,16:28:42.718-08:00
6fecbe31-c740-11e7-8516-a1b443649ea9,1-ac527a01ffd8a525c0bf4d6deea32dbd,WS,Neve-Shaanan,sensorData,json,2017-11-11T16:28:42.771-08:00,2.8,0.2,3.2,,3.2,349,,,-0.8,44,,26.3,0,-0.5,-0.09,0,,,,,,,,,,,,,,,,2017-11-11,16:28:42.771-08:00
7021ff00-c740-11e7-826b-4378d3375672,1-25a670e659aa0f61addf2545d7cb9d3b,WS,Daliat-el-Carmel,sensorData,json,2017-11-11T16:28:43.120-08:00,8.3,0.2,8.7,15.86,3.4,317,,,0.9,,18,,-0.2,0.2,-0.24,,27.3,1.3,,,,,,,,,,,,,,2017-11-11,16:28:43.120-08:00
70258170-c740-11e7-a9dd-914287fc516e,1-614843530b7e910f60a43e8940a55c39,WS,Igud,sensorData,json,2017-11-11T16:28:43.143-08:00,3.5,3.6,9,21.84,3.3,274,21.9,73.8,0,19,18.7,43.2,,,,,27.7,,43,24.5,1002,0,213.4,,,,,,,,,2017-11-11,16:28:43.143-08:00
702ef750-c740-11e7-a9dd-914287fc516e,1-9c9239dcc01fafec5f445b06126062b2,WS,Shprintsak,sensorData,json,2017-11-11T16:28:43.205-08:00,15.7,1.4,17.9,,2.5,358,21.1,84.2,0.1,5,12.5,22.1,,,,,27.1,,39,9.5,983,0,742.3,0.29,62,,,,,,,2017-11-11,16:28:43.205-08:00
7032eef0-c740-11e7-922d-e592d25dbe09,1-73298fa511bfbfbd8ad135f41f9a7876,WS,Ahuza,sensorData,json,2017-11-11T16:28:43.231-08:00,24.4,4.8,31.9,,,,25.6,72.1,0.4,14,19.2,36.6,,,,,28.5,,2,17.3,1004,0,,-0.04,,,,,,,,2017-11-11,16:28:43.231-08:00
703a1ae0-c740-11e7-b396-8b80b3cfc651,1-f07ed1af3eca8bbd2a82bb269270dd80,WS,Kiryat-Motzkin,sensorData,json,2017-11-11T16:28:43.278-08:00,20,1,22,15.44,5.1,337,26.9,98,1.7,,,,,,,,,,,,,,,,,,,,,,,2017-11-11,16:28:43.278-08:00
70493610-c740-11e7-b396-8b80b3cfc651,1-0a024165d3a92d964e86ee030393bace,WS,Kiryat-Yam,sensorData,json,2017-11-11T16:28:43.377-08:00,3.2,0.9,4.7,9.11,1.4,271,28.1,,0.4,,,,,,,,29.5,,,,,,,,44,,,,,,,2017-11-11,16:28:43.377-08:00
7050fe40-c740-11e7-b396-8b80b3cfc651,1-d5e22d84fb4d24df6c09c6609427677d,WS,Kiryat-Bialik,sensorData,json,2017-11-11T16:28:43.428-08:00,15.4,5.9,24.5,23.46,1.8,304,26.5,79,0,17,19.6,26,0,0,-0.27,1.3,27.3,,30,,,0,,,58,39,14,61,0.51,,,2017-11-11,16:28:43.428-08:00
70551cf0-c740-11e7-ad52-afff43ebfbca,1-404d8ff97b445baca89a4628c43f5713,WS,Nesher,sensorData,json,2017-11-11T16:28:43.455-08:00,1,0.2,1.2,,,,,42,,,13,23,0,0,0,0,,,,,,,,0.18,,,,,,,,2017-11-11,16:28:43.455-08:00
7120f872-c740-11e7-8516-a1b443649ea9,1-eb89b6b16434c20772b49ded3e706aa0,WS,Old-Market,sensorData,json,2017-11-11T16:28:44.791-08:00,1.5,0,1.4,20.79,2.2,358,25,56.5,2.6,,,,,,,,,,,,,,,,,,,,,,,2017-11-11,16:28:44.791-08:00
71282460-c740-11e7-8b57-e994f8ea70af,1-bf96ac255e5cbb5882cafd933fa01619,WS,Kiryat-Tivon,sensorData,json,2017-11-11T16:28:44.838-08:00,,,,,,,,,0,,,,,,,,,,,,,,,,,,,,,,,2017-11-11,16:28:44.838-08:00
71378db0-c740-11e7-922d-e592d25dbe09,1-fdf9912921a575d3f97cb6b82a7bbac7,WS,Kiryat-Binyamin,sensorData,json,2017-11-11T16:28:44.939-08:00,5,0,5,21.86,3,300,,,,,,,,,,,,,,,,,,,,,,,,,,2017-11-11,16:28:44.939-08:00
714940f0-c740-11e7-826b-4378d3375672,1-b68b8585fe478cff4531dcce90e2f2bf,WS,Kiryat-Ata,sensorData,json,2017-11-11T16:28:45.055-08:00,11.1,-1.2,9.2,23.36,2.7,321,23.1,101.8,0.3,52,28.5,,,,,,,,,,,,,,,,,,,,,2017-11-11,16:28:45.055-08:00
715304f0-c740-11e7-a297-b5cc7e104dd1,1-94cefd3054bc1cc08a511f300c3b63d1,WS,Neve-Shaanan,sensorData,json,2017-11-11T16:28:45.119-08:00,3.2,0.5,4,,3.2,355,,,-1,44,,28,0,-0.5,-0.09,0,,,,,,,,,,,,,,,,2017-11-11,16:28:45.119-08:00
715cf000-c740-11e7-a297-b5cc7e104dd1,1-aded1cbbba2f7669a2a8675ac7b2fe90,WS,Daliat-el-Carmel,sensorData,json,2017-11-11T16:28:45.184-08:00,6.6,0,6.8,18.9,3.4,320,,,0.9,,11.5,,-0.2,0.1,-0.28,,27,0.9,,,,,,,,,,,,,,2017-11-11,16:28:45.184-08:00
715e2880-c740-11e7-a297-b5cc7e104dd1,1-0f723d902ac90b0aa47c8d8a094baa1f,WS,Igud,sensorData,json,2017-11-11T16:28:45.192-08:00,3.2,3.8,9.1,19.48,3.5,274,22,74.2,-0.2,19,15.9,31.2,,,,,27.4,,43,15.2,1002,0,156.4,,,,,,,,,2017-11-11,16:28:45.192-08:00
7166db10-c740-11e7-922d-e592d25dbe09,1-6ecf0a81a0d8aeeb1129d43b6aabb7a9,WS,Ahuza,sensorData,json,2017-11-11T16:28:45.249-08:00,19.6,4.7,26.8,,,,25.7,72,0,14,18.9,34.7,,,,,27.3,,2,15.8,1004,0,,-0.04,,,,,,,,2017-11-11,16:28:45.249-08:00
7171fea0-c740-11e7-ae37-617ddee8b477,1-30103cf7ca51237263b3e9bbb0859133,WS,Shprintsak,sensorData,json,2017-11-11T16:28:45.322-08:00,11,0.8,12.2,,2.5,348,21.2,82.2,0,5,14.8,39.2,,,,,26.5,,39,24.4,983,0,615.4,0.29,67,,,,,,,2017-11-11,16:28:45.322-08:00
717273d0-c740-11e7-922d-e592d25dbe09,1-3835b769d209efe11b8c3dee5b4ad980,WS,Kiryat-Motzkin,sensorData,json,2017-11-11T16:28:45.325-08:00,14,0,16,17.87,5.4,351,26.8,94,1.4,,,,,,,,,,,,,,,,,,,,,,,2017-11-11,16:28:45.325-08:00
7174e4d1-c740-11e7-a9dd-914287fc516e,1-ae569354582df6e0f1ea069d32038b1b,WS,Kiryat-Yam,sensorData,json,2017-11-11T16:28:45.341-08:00,3.8,0.5,4.8,5.49,1.3,271,27.9,,0.8,,,,,,,,28.9,,,,,,,,43,,,,,,,2017-11-11,16:28:45.341-08:00
7185d4c0-c740-11e7-8516-a1b443649ea9,1-2cf3a507c6df2a564bbdf6dfbdba9bb4,WS,Kiryat-Bialik,sensorData,json,2017-11-11T16:28:45.452-08:00,13.9,6.3,23.7,19.84,2.3,310,26.6,84.5,0,17,20.7,27,0,0,-0.23,1,27,,30,,,0,,,60,38,17,65,0.33,,,2017-11-11,16:28:45.452-08:00
718845c0-c740-11e7-826b-4378d3375672,1-1b8e4ea9bbee1f4c17399edfd4cb3f97,WS,Nesher,sensorData,json,2017-11-11T16:28:45.468-08:00,2.1,0.5,2.7,,,,,41,,,12,18,0,0,0,0.1,,,,,,,,0.18,,,,,,,,2017-11-11,16:28:45.468-08:00
725ad800-c740-11e7-a297-b5cc7e104dd1,1-4e750d57d254d90034df946e24a3e33a,WS,Old-Market,sensorData,json,2017-11-11T16:28:46.848-08:00,1.7,-0.1,1.5,17.66,2.4,0,25,55.5,2.2,,,,,,,,,,,,,,,,,,,,,,,2017-11-11,16:28:46.848-08:00
726c1610-c740-11e7-ae37-617ddee8b477,1-2e7e4f16a8bec3e9f3068dba862fd324,WS,Kiryat-Tivon,sensorData,json,2017-11-11T16:28:46.961-08:00,,,,,,,,,0,,,,,,,,,,,,,,,,,,,,,,,2017-11-11,16:28:46.961-08:00
7274a190-c740-11e7-8516-a1b443649ea9,1-b3eba5588ade8727d151791ebd1cfea8,WS,Kiryat-Binyamin,sensorData,json,2017-11-11T16:28:47.017-08:00,5,0,5,23.04,2.9,302,,,,,,,,,,,,,,,,,,,,,,,,,,2017-11-11,16:28:47.017-08:00
7283bcc1-c740-11e7-8516-a1b443649ea9,1-19ae171aa67097dbbee01ed380980ddd,WS,Kiryat-Ata,sensorData,json,2017-11-11T16:28:47.116-08:00,9,-1.5,6.5,25.59,2.7,322,23.1,93.4,0.5,52,28.3,,,,,,,,,,,,,,,,,,,,,2017-11-11,16:28:47.116-08:00
728913f0-c740-11e7-8ea3-bdeefb14cb95,1-8b540c45a161cebe189f6431a491b581,WS,Neve-Shaanan,sensorData,json,2017-11-11T16:28:47.151-08:00,1.5,-0.1,1.2,,3.4,358,,,-1.2,44,,19.7,0,-0.5,-0.09,0,,,,,,,,,,,,,,,,2017-11-11,16:28:47.151-08:00
7291c680-c740-11e7-826b-4378d3375672,1-d9466169b16032d0036e737495f1023f,WS,Daliat-el-Carmel,sensorData,json,2017-11-11T16:28:47.208-08:00,6.7,0.5,7.5,13.16,3.5,308,,,0.8,,12.3,,-0.2,0,-0.27,,26.7,0.7,,,,,,,,,,,,,,2017-11-11,16:28:47.208-08:00
72982f20-c740-11e7-b396-8b80b3cfc651,1-4d3b6606ffee599dce0d9a890d6e6801,WS,Igud,sensorData,json,2017-11-11T16:28:47.250-08:00,4.8,4.1,11.3,21.35,2.5,298,22,68.4,0,19,15.6,30.6,,,,,27.7,,44,15,1002,0,106,,,,,,,,,2017-11-11,16:28:47.250-08:00
72a1a500-c740-11e7-90b6-a33da586196f,1-91d471fda4f14926564dec335b034d88,WS,Ahuza,sensorData,json,2017-11-11T16:28:47.312-08:00,19.2,4.2,25.7,,,,25.8,75.1,0.2,14,16.3,30.2,,,,,26.6,,2,13.8,1004,0,,-0.04,,,,,,,,2017-11-11,16:28:47.312-08:00
72a59ca1-c740-11e7-a9dd-914287fc516e,1-19271c239f32ae6b2e331748aac3ea98,WS,Shprintsak,sensorData,json,2017-11-11T16:28:47.338-08:00,8.7,0.3,9.2,,2.4,343,21.2,84.6,-0.1,5,13,35.9,,,,,26.2,,39,22.8,983,0,484.9,0.28,69,,,,,,,2017-11-11,16:28:47.338-08:00
72b09920-c740-11e7-a297-b5cc7e104dd1,1-22d69fc906ec86768fa3f683337ca62f,WS,Kiryat-Motzkin,sensorData,json,2017-11-11T16:28:47.410-08:00,13,0,14,15.85,5,336,26.8,90,1.1,,,,,,,,,,,,,,,,,,,,,,,2017-11-11,16:28:47.410-08:00
72b52d00-c740-11e7-8ea3-bdeefb14cb95,1-7b775bf2493f70f9d3726ce7ca95eab5,WS,Kiryat-Yam,sensorData,json,2017-11-11T16:28:47.440-08:00,3,0.2,3.5,6.65,1.4,271,27.7,,1.1,,,,,,,,28.7,,,,,,,,44,,,,,,,2017-11-11,16:28:47.440-08:00
72cb7420-c740-11e7-b396-8b80b3cfc651,1-5426a44797b82cf21435681ef2a36c6e,WS,Kiryat-Bialik,sensorData,json,2017-11-11T16:28:47.586-08:00,15.9,6.5,25.9,20.2,2.1,312,26.8,79.8,0,17,21.5,27,0.1,0.1,-0.21,0.9,26.9,,30,,,0,,,61,43,15,67,0.54,,,2017-11-11,16:28:47.586-08:00
72d36360-c740-11e7-8ea3-bdeefb14cb95,1-1c6cecc1c6de9a394bbba8569b27b95c,WS,Nesher,sensorData,json,2017-11-11T16:28:47.638-08:00,4.1,0.6,4.7,,,,,41,,,11,18,0,0,0,0.1,,,,,,,,0.2,,,,,,,,2017-11-11,16:28:47.638-08:00
739ec9b0-c740-11e7-826b-4378d3375672,1-6dc0c94f408f1b9447f421209dfff014,WS,Old-Market,sensorData,json,2017-11-11T16:28:48.971-08:00,1.4,-0.2,1.1,17.57,2.3,8,24.9,57,2.6,,,,,,,,,,,,,,,,,,,,,,,2017-11-11,16:28:48.971-08:00
73a61cb0-c740-11e7-90b6-a33da586196f,1-899e359cb2963881d21839097b491aa1,WS,Kiryat-Tivon,sensorData,json,2017-11-11T16:28:49.019-08:00,,,,,,,,,0,,,,,,,,,,,,,,,,,,,,,,,2017-11-11,16:28:49.019-08:00
73b0cb10-c740-11e7-90b6-81dfcd22b622,1-762ae8160eb6d1d65325b985ce01661d,WS,Kiryat-Binyamin,sensorData,json,2017-11-11T16:28:49.089-08:00,6,0,7,26.36,2.3,309,,,,,,,,,,,,,,,,,,,,,,,,,,2017-11-11,16:28:49.089-08:00
73b510d0-c740-11e7-90b6-a33da586196f,1-f14fe645190469d57a1038e03eb03509,WS,Kiryat-Ata,sensorData,json,2017-11-11T16:28:49.117-08:00,10.3,-1.4,8.1,22.07,2.9,323,23.1,84.3,0.4,52,28,,,,,,,,,,,,,,,,,,,,,2017-11-11,16:28:49.117-08:00
73b86c32-c740-11e7-ae37-617ddee8b477,1-1d095cf9d29180d7f6a24a2f0700ff31,WS,Neve-Shaanan,sensorData,json,2017-11-11T16:28:49.139-08:00,1.7,-0.4,1.1,,2.8,357,,,-1.3,44,,19.2,0,-0.5,-0.09,0,,,,,,,,,,,,,,,,2017-11-11,16:28:49.139-08:00
73bc15b0-c740-11e7-90b6-a33da586196f,1-4200d6fa77eebf44458b3b6b01421a3a,WS,Daliat-el-Carmel,sensorData,json,2017-11-11T16:28:49.163-08:00,7.7,0,7.6,18.2,3,320,,,0.2,,13.9,,-0.3,0,-0.3,,26.5,0.3,,,,,,,,,,,,,,2017-11-11,16:28:49.163-08:00
73c3dde0-c740-11e7-90b6-81dfcd22b622,1-0ef1af84eb85d9bae43d2ebfb5ea03aa,WS,Igud,sensorData,json,2017-11-11T16:28:49.214-08:00,4.5,3.8,10.5,22,2.7,293,22,68,-0.1,19,11.2,12.8,,,,,27.4,,44,1.6,1002,0,64,,,,,,,,,2017-11-11,16:28:49.214-08:00
73d283e0-c740-11e7-90b6-81dfcd22b622,1-caa168bf718f733968e1a78c1ad665a1,WS,Ahuza,sensorData,json,2017-11-11T16:28:49.310-08:00,16.6,2.3,20.1,,,,25.6,72.3,0.3,14,17,30.3,,,,,26,,2,13.3,1004,0,,-0.04,,,,,,,,2017-11-11,16:28:49.310-08:00
73db0f60-c740-11e7-826b-4378d3375672,1-164b5af1310e3d2abe3003c8be38d946,WS,Shprintsak,sensorData,json,2017-11-11T16:28:49.366-08:00,6.3,0,6.4,,2.3,336,21.3,82.8,0.1,5,11.4,25,,,,,25.6,,39,13.6,983,0,355.7,0.27,70,,,,,,,2017-11-11,16:28:49.366-08:00
73df2e10-c740-11e7-8ea3-bdeefb14cb95,1-13afe00cb91346212651e0f9b1cebd22,WS,Kiryat-Motzkin,sensorData,json,2017-11-11T16:28:49.393-08:00,16,0,17,11.94,5.2,328,26.8,80,1.2,,,,,,,,,,,,,,,,,,,,,,,2017-11-11,16:28:49.393-08:00
73e43720-c740-11e7-8ea3-bdeefb14cb95,1-a607cc0ffd4a626870de6d790403ca93,WS,Kiryat-Yam,sensorData,json,2017-11-11T16:28:49.426-08:00,3.4,0.3,4,8.88,1.3,270,27.6,,0.9,,,,,,,,27.7,,,,,,,,50,,,,,,,2017-11-11,16:28:49.426-08:00
73f10860-c740-11e7-a9dd-914287fc516e,1-6252784892350c7da71c9592b7b7652c,WS,Kiryat-Bialik,sensorData,json,2017-11-11T16:28:49.510-08:00,11.4,3.6,17,21.33,1.7,310,26.9,72.6,1,17,21.3,26,0,0,-0.22,0.5,26.9,,30,,,0,,,60,29,10,45,0.29,,,2017-11-11,16:28:49.510-08:00
73ffd570-c740-11e7-b396-8b80b3cfc651,1-e8bce7f26cf4fc1800325c93640dd805,WS,Nesher,sensorData,json,2017-11-11T16:28:49.607-08:00,2.9,0.5,3.5,,,,,42,,,11,17,0,0.1,0,0.1,,,,,,,,0.2,,,,,,,,2017-11-11,16:28:49.607-08:00
74cbb0f0-c740-11e7-90b6-81dfcd22b622,1-e75ddd9b244fd358b6c3ae84491db2da,WS,Old-Market,sensorData,json,2017-11-11T16:28:50.943-08:00,1.5,-0.1,1.3,17.23,2.2,14,24.9,60.2,2.8,,,,,,,,,,,,,,,,,,,,,,,2017-11-11,16:28:50.943-08:00
74de4e91-c740-11e7-90b6-a33da586196f,1-8fbed8faa8a696a8dce25b18aac873ea,WS,Kiryat-Tivon,sensorData,json,2017-11-11T16:28:51.065-08:00,,,,,,,,,0,,,,,,,,,,,,,,,,,,,,,,,2017-11-11,16:28:51.065-08:00
74e5c8a0-c740-11e7-ae37-617ddee8b477,1-a0f48469f6149e5536f32c509586b46d,WS,Kiryat-Ata,sensorData,json,2017-11-11T16:28:51.114-08:00,10.3,-1.4,8.1,23.46,2.4,318,23.1,78.2,0.2,52,19.3,,,,,,,,,,,,,,,,,,,,,2017-11-11,16:28:51.114-08:00
74e5efb0-c740-11e7-90b6-81dfcd22b622,1-e6ddd45bfdf4e69d46a041e2caa44222,WS,Kiryat-Binyamin,sensorData,json,2017-11-11T16:28:51.115-08:00,4,0,4,23.6,2.4,316,,,,,,,,,,,,,,,,,,,,,,,,,,2017-11-11,16:28:51.115-08:00
74ebbc12-c740-11e7-8516-a1b443649ea9,1-c4091663bd6b668a92fd0dd540194e7e,WS,Neve-Shaanan,sensorData,json,2017-11-11T16:28:51.153-08:00,2.9,0.1,3.1,,2.5,2,,,-1.2,44,,23.7,0,-0.5,-0.07,0,,,,,,,,,,,,,,,,2017-11-11,16:28:51.153-08:00
74ed69c0-c740-11e7-8ea3-bdeefb14cb95,1-18b3a39043083da598e4149ef3fd2893,WS,Daliat-el-Carmel,sensorData,json,2017-11-11T16:28:51.164-08:00,4.6,0,4.5,16.72,3,318,,,0.4,,13.5,,-0.2,0,-0.3,,26.1,0.2,,,,,,,,,,,,,,2017-11-11,16:28:51.164-08:00
74ef1770-c740-11e7-ae37-617ddee8b477,1-0898cf16f5d547f34d1867ce2679cd17,WS,Igud,sensorData,json,2017-11-11T16:28:51.175-08:00,3.1,3.4,8.5,19.26,3,298,22.1,71,-0.1,19,13.7,24.8,,,,,26.7,,44,11,1002,0,31.9,,,,,,,,,2017-11-11,16:28:51.175-08:00
74fbe8b0-c740-11e7-8516-a1b443649ea9,1-4755d6829ff799ed5edc0a7d0ce359fe,WS,Ahuza,sensorData,json,2017-11-11T16:28:51.259-08:00,16.8,2,20,,,,25.7,69.2,0,14,14,26.2,,,,,25.4,,2,12.1,1004,0,,-0.04,,,,,,,,2017-11-11,16:28:51.259-08:00
750585a0-c740-11e7-8ea3-bdeefb14cb95,1-de3b1694ccc5abdc41a5da98aa6ba944,WS,Kiryat-Motzkin,sensorData,json,2017-11-11T16:28:51.322-08:00,16,0,16,13.46,4.9,328,27,77,1.1,,,,,,,,,,,,,,,,,,,,,,,2017-11-11,16:28:51.322-08:00
75105b10-c740-11e7-922d-e592d25dbe09,1-78481ec9176e52c3e93a6617bd8a6877,WS,Shprintsak,sensorData,json,2017-11-11T16:28:51.393-08:00,8.6,0,8.6,,2.2,332,21.4,81.6,-0.2,5,10.2,11,,,,,25.3,,39,0.7,983,0,234.5,0.26,70,,,,,,,2017-11-11,16:28:51.393-08:00
751452b0-c740-11e7-a9dd-914287fc516e,1-d456d178744e5087548591d4fb2338d5,WS,Kiryat-Yam,sensorData,json,2017-11-11T16:28:51.419-08:00,5,0.3,5.6,12.87,1,275,27.4,,0.7,,,,,,,,26.9,,,,,,,,61,,,,,,,2017-11-11,16:28:51.419-08:00
7522aa90-c740-11e7-8516-a1b443649ea9,1-447497eeccf2d4bc7ba89fdb5a91ecc1,WS,Kiryat-Bialik,sensorData,json,2017-11-11T16:28:51.513-08:00,18.9,3.8,24.8,37.3,0.9,341,27,79.6,0.2,17,21.3,27,0.1,0,-0.2,0.6,26.5,,30,,,0,,,61,52,31,99,0.42,,,2017-11-11,16:28:51.513-08:00
752828d0-c740-11e7-90b6-a33da586196f,1-e964b5adc7a8533a3cabab3e3d44b59f,WS,Nesher,sensorData,json,2017-11-11T16:28:51.549-08:00,4.5,0.7,5.2,,,,,42,,,13,21,0,0,0,0.1,,,,,,,,0.2,,,,,,,,2017-11-11,16:28:51.549-08:00
7603e2d0-c740-11e7-90b6-81dfcd22b622,1-da5954218cd6510204d8dda2e9d35b21,WS,Old-Market,sensorData,json,2017-11-11T16:28:52.989-08:00,2.6,0,2.5,23.14,1.5,31,24.7,59.8,3.3,,,,,,,,,,,,,,,,,,,,,,,2017-11-11,16:28:52.989-08:00
760fc9b0-c740-11e7-8516-a1b443649ea9,1-1964f84caa73d15855cf20206c3bba84,WS,Kiryat-Tivon,sensorData,json,2017-11-11T16:28:53.067-08:00,,,,,,,,,0,,,,,,,,,,,,,,,,,,,,,,,2017-11-11,16:28:53.067-08:00
76180710-c740-11e7-8516-a1b443649ea9,1-344f135e2bd6c4725a67d6a9c7079edd,WS,Kiryat-Binyamin,sensorData,json,2017-11-11T16:28:53.121-08:00,6,0,6,23.57,2.1,324,,,,,,,,,,,,,,,,,,,,,,,,,,2017-11-11,16:28:53.121-08:00
761dd370-c740-11e7-8516-a1b443649ea9,1-1410f86c2346b378a52d77a056ee2cf0,WS,Kiryat-Ata,sensorData,json,2017-11-11T16:28:53.159-08:00,5.9,-1.9,3,22.58,2.1,316,23.2,82.8,0,52,13,,,,,,,,,,,,,,,,,,,,,2017-11-11,16:28:53.159-08:00
7628a8e0-c740-11e7-826b-4378d3375672,1-274357521d2c757b35cf28856d4cd38a,WS,Neve-Shaanan,sensorData,json,2017-11-11T16:28:53.230-08:00,4.9,0,4.8,,2.1,8,,,-0.9,44,,22.1,0,-0.5,-0.07,0,,,,,,,,,,,,,,,,2017-11-11,16:28:53.230-08:00
763504f0-c740-11e7-922d-e592d25dbe09,1-ac7bf87b43d3118cbee612d75f892f57,WS,Daliat-el-Carmel,sensorData,json,2017-11-11T16:28:53.311-08:00,3.2,-0.8,1.9,14.35,2.6,321,,,0.3,,24.2,,-0.2,0,-0.27,,25.7,0,,,,,,,,,,,,,,2017-11-11,16:28:53.311-08:00
763fb350-c740-11e7-a297-b5cc7e104dd1,1-d2623d44aecb929845e5e6b0f2590099,WS,Igud,sensorData,json,2017-11-11T16:28:53.381-08:00,3.9,3.4,9.2,18.21,2.5,295,22.2,70.3,0,19,14.7,27.9,,,,,26.3,,44,13.1,1002,0,14.3,,,,,,,,,2017-11-11,16:28:53.381-08:00
76472d61-c740-11e7-90b6-81dfcd22b622,1-5580ebdb16ba7fd016147319ac457602,WS,Ahuza,sensorData,json,2017-11-11T16:28:53.430-08:00,28.6,4.1,35,,,,25.5,63.5,0.2,14,16.8,30.4,,,,,24.9,,2,13.5,1004,0,,-0.04,,,,,,,,2017-11-11,16:28:53.430-08:00
764c0f60-c740-11e7-ae37-617ddee8b477,1-2036d21d34c33db9e88c1a5ee0d49364,WS,Shprintsak,sensorData,json,2017-11-11T16:28:53.462-08:00,22.2,0.1,22.4,,1.8,0,21.4,66.9,0.3,5,12.7,32.1,,,,,24.8,,39,19.4,983,0,122,0.27,76,,,,,,,2017-11-11,16:28:53.462-08:00
764f43b0-c740-11e7-8516-a1b443649ea9,1-0c6db2144c881cd5e74c14691ceb9846,WS,Kiryat-Motzkin,sensorData,json,2017-11-11T16:28:53.483-08:00,13,0,12,12.56,4.3,326,27.1,79,1.2,,,,,,,,,,,,,,,,,,,,,,,2017-11-11,16:28:53.483-08:00
7656bdc0-c740-11e7-ae37-617ddee8b477,1-d703d5050ed5e1b21e02f0ec1b498135,WS,Kiryat-Yam,sensorData,json,2017-11-11T16:28:53.532-08:00,6.9,0.4,7.5,16.56,0.8,279,27,,0.8,,,,,,,,25.9,,,,,,,,60,,,,,,,2017-11-11,16:28:53.532-08:00
766fc400-c740-11e7-a297-b5cc7e104dd1,1-e6a32df8b020d5b00fb7b555f145cd8e,WS,Kiryat-Bialik,sensorData,json,2017-11-11T16:28:53.696-08:00,12,0.7,13.1,32.12,0.9,36,27,84.6,0.1,17,22.1,30,0.1,0,-0.28,0.3,26.1,,30,,,0,,,63,30,14,53,0.33,,,2017-11-11,16:28:53.696-08:00
767c4720-c740-11e7-826b-4378d3375672,1-786ea03c082573b7b2bb69b00e720a36,WS,Nesher,sensorData,json,2017-11-11T16:28:53.778-08:00,4.6,0.4,5,,,,,44,,,10,15,0,0,0,0.1,,,,,,,,0.2,,,,,,,,2017-11-11,16:28:53.778-08:00
77408180-c740-11e7-ae37-617ddee8b477,1-7930c366906be37bfe877ed7d7245bac,WS,Old-Market,sensorData,json,2017-11-11T16:28:55.064-08:00,2.3,0,2.2,22.9,1.2,34,24.6,61.5,3.1,,,,,,,,,,,,,,,,,,,,,,,2017-11-11,16:28:55.064-08:00
7744c740-c740-11e7-8516-a1b443649ea9,1-7a12815253613efee226ff5c8ad845ba,WS,Kiryat-Tivon,sensorData,json,2017-11-11T16:28:55.092-08:00,,,,,,,,,0,,,,,,,,,,,,,,,,,,,,,,,2017-11-11,16:28:55.092-08:00
774cb680-c740-11e7-ad52-afff43ebfbca,1-8ea6b3e757214b7fe7e148980677bddd,WS,Kiryat-Binyamin,sensorData,json,2017-11-11T16:28:55.144-08:00,7,0,7,29.54,1.2,308,,,,,,,,,,,,,,,,,,,,,,,,,,2017-11-11,16:28:55.144-08:00
77539450-c740-11e7-a9dd-914287fc516e,1-97cbd77ada0151d83dd81e99c1cf97ff,WS,Kiryat-Ata,sensorData,json,2017-11-11T16:28:55.189-08:00,4.4,-2.1,1.2,22.15,1.8,311,23.3,82.8,0,52,21.7,,,,,,,,,,,,,,,,,,,,,2017-11-11,16:28:55.189-08:00
775f7b30-c740-11e7-b396-8b80b3cfc651,1-8d21ede6a267178f86afa207c8c074c4,WS,Neve-Shaanan,sensorData,json,2017-11-11T16:28:55.267-08:00,5.4,0.4,6.1,,1.6,3,,,-0.8,44,,16.6,0,-0.5,-0.07,0,,,,,,,,,,,,,,,,2017-11-11,16:28:55.267-08:00
776324b0-c740-11e7-8b57-e994f8ea70af,1-24a9706e65d8de7f358774a4458b1d1b,WS,Daliat-el-Carmel,sensorData,json,2017-11-11T16:28:55.291-08:00,6.1,0.3,6.5,14.97,1.6,316,,,0.4,,16.6,,-0.2,0,-0.27,,25.1,0,,,,,,,,,,,,,,2017-11-11,16:28:55.291-08:00
776f80c0-c740-11e7-8b57-e994f8ea70af,1-ca29b63b49679ef78247d7f59c5e6dcb,WS,Igud,sensorData,json,2017-11-11T16:28:55.372-08:00,5.1,3.7,10.8,19.74,1.9,283,22.2,69.4,0,19,12.8,23.3,,,,,25.8,,44,10.5,1003,0,7.7,,,,,,,,,2017-11-11,16:28:55.372-08:00
7775e960-c740-11e7-b396-8b80b3cfc651,1-a0bc2dc084833870ba3ef4b5b2e0e99d,WS,Ahuza,sensorData,json,2017-11-11T16:28:55.414-08:00,30.4,4.8,37.9,,,,25.6,55.7,0.2,14,16.7,30.4,,,,,24.5,,2,13.6,1004,0,,-0.04,,,,,,,,2017-11-11,16:28:55.414-08:00
7778cf90-c740-11e7-ad52-afff43ebfbca,1-5eae7e630e7fdec62c26503c8f1cab7a,WS,Kiryat-Motzkin,sensorData,json,2017-11-11T16:28:55.433-08:00,11,0,10,10.33,3.9,326,27.3,79,0.7,,,,,,,,,,,,,,,,,,,,,,,2017-11-11,16:28:55.433-08:00
777c2af0-c740-11e7-a297-b5cc7e104dd1,1-ddf5b351ef67c10cea673dd3c0f6ab31,WS,Shprintsak,sensorData,json,2017-11-11T16:28:55.455-08:00,20.8,-0.1,20.5,,1.4,348,21.4,70.6,2.1,5,11.2,27.5,,,,,24.3,,40,16.3,984,0,51.8,0.26,77,,,,,,,2017-11-11,16:28:55.455-08:00
778552b0-c740-11e7-ae37-617ddee8b477,1-08c34fdea1aaa1d6ca934ffe19b456a4,WS,Kiryat-Yam,sensorData,json,2017-11-11T16:28:55.515-08:00,8.4,0,8.4,11.93,0.7,280,26.6,,0.7,,,,,,,,24.9,,,,,,,,59,,,,,,,2017-11-11,16:28:55.515-08:00
779223f0-c740-11e7-8ea3-bdeefb14cb95,1-bee63f38866f6617f0be092825fa4a9d,WS,Kiryat-Bialik,sensorData,json,2017-11-11T16:28:55.599-08:00,9.1,-0.7,7.9,17.88,1.1,49,26.9,86.1,0.1,17,21.7,28,0,0,-0.28,0.3,25.8,,30,,,0,,,64,15,0,16,0.26,,,2017-11-11,16:28:55.599-08:00
77975410-c740-11e7-ae37-617ddee8b477,1-4d128c4601104ed42a0e2fcd5efb877f,WS,Nesher,sensorData,json,2017-11-11T16:28:55.633-08:00,3.8,0,3.8,,,,,46,,,11,20,0,0,0,0.1,,,,,,,,0.2,,,,,,,,2017-11-11,16:28:55.633-08:00
7875a620-c740-11e7-a9dd-914287fc516e,1-cd46e9ad1a40320beebbb4f2cf9e2610,WS,Old-Market,sensorData,json,2017-11-11T16:28:57.090-08:00,3.9,0.3,4.4,23.15,1.2,24,24.5,58.7,3.2,,,,,,,,,,,,,,,,,,,,,,,2017-11-11,16:28:57.090-08:00
787fdf50-c740-11e7-a297-b5cc7e104dd1,1-2ca5430c60dc2ed1080ec6e6fc9c37e3,WS,Kiryat-Tivon,sensorData,json,2017-11-11T16:28:57.157-08:00,,,,,,,,,0,,,,,,,,,,,,,,,,,,,,,,,2017-11-11,16:28:57.157-08:00
788647f0-c740-11e7-ae37-617ddee8b477,1-d3b4161f7232995ff6a2b2d53ddcb1ef,WS,Kiryat-Binyamin,sensorData,json,2017-11-11T16:28:57.199-08:00,10,0,9,25.09,1.6,307,,,,,,,,,,,,,,,,,,,,,,,,,,2017-11-11,16:28:57.199-08:00
78995ac0-c740-11e7-90b6-a33da586196f,1-a9bb05195bb0d3bf93b6995aceae4dee,WS,Kiryat-Ata,sensorData,json,2017-11-11T16:28:57.324-08:00,5.1,-1.7,2.4,19.9,1.8,312,23.5,79.8,0,53,24.6,,,,,,,,,,,,,,,,,,,,,2017-11-11,16:28:57.324-08:00
789f4e30-c740-11e7-90b6-81dfcd22b622,1-5ccb16aa01ef9cd49cc6f89ebb298d39,WS,Neve-Shaanan,sensorData,json,2017-11-11T16:28:57.363-08:00,4.5,-0.5,3.6,,2.4,0,,,-0.6,44,,23,0,-0.5,0,0.1,,,,,,,,,,,,,,,,2017-11-11,16:28:57.363-08:00
78ae9070-c740-11e7-a9dd-914287fc516e,1-dc87773703c4a5709b84fa949750de0a,WS,Daliat-el-Carmel,sensorData,json,2017-11-11T16:28:57.463-08:00,7.2,0.3,7.7,12.91,1.8,319,,,0.5,,19.4,,-0.2,0,-0.23,,24.7,0,,,,,,,,,,,,,,2017-11-11,16:28:57.463-08:00
78af7ad0-c740-11e7-8516-a1b443649ea9,1-3220b799c5badc7fc7bf1bc2ac7e37f6,WS,Shprintsak,sensorData,json,2017-11-11T16:28:57.469-08:00,16.5,-0.3,16,,1.9,331,21.4,77.2,1.5,5,10.9,23.9,,,,,24,,40,12.9,984,0,40,0.26,78,,,,,,,2017-11-11,16:28:57.469-08:00
78b14f90-c740-11e7-826b-4378d3375672,1-77e1bb4fc90e905aa908e0441bdafd65,WS,Ahuza,sensorData,json,2017-11-11T16:28:57.481-08:00,30.1,1.7,32.8,,,,25.7,55.5,0.2,14,16.1,30.1,,,,,24.2,,2,14,1004,0,,-0.04,,,,,,,,2017-11-11,16:28:57.481-08:00
78bb3aa0-c740-11e7-ad52-afff43ebfbca,1-b555a592d2c7006706daa74117d46417,WS,Igud,sensorData,json,2017-11-11T16:28:57.546-08:00,5.7,3.5,11.1,17.5,2.3,290,22.2,72.8,0.2,19,14.4,28.8,,,,,25.5,,44,14.3,1003,0,6.3,,,,,,,,,2017-11-11,16:28:57.546-08:00
78bb61b0-c740-11e7-ad52-afff43ebfbca,1-fd67e36022d22eb425ca2b877305b6bd,WS,Kiryat-Motzkin,sensorData,json,2017-11-11T16:28:57.547-08:00,12,0,11,9.35,4.1,328,27,78,0.6,,,,,,,,,,,,,,,,,,,,,,,2017-11-11,16:28:57.547-08:00
78c59ae0-c740-11e7-8516-a1b443649ea9,1-7e17e342b5a4e61356af2aa916121f22,WS,Kiryat-Yam,sensorData,json,2017-11-11T16:28:57.614-08:00,11.6,-0.1,11.4,17,0.7,282,26.3,,0.7,,,,,,,,24.4,,,,,,,,56,,,,,,,2017-11-11,16:28:57.614-08:00
78df6470-c740-11e7-a297-b5cc7e104dd1,1-69d4ff36bc864408967d051d1bb7760e,WS,Kiryat-Bialik,sensorData,json,2017-11-11T16:28:57.783-08:00,19.9,1.3,21.9,27.97,0.8,354,26.9,81.1,0.3,17,20.3,24,0,0,-0.29,0.4,25.8,,30,,,0,,,63,36,13,56,0.53,,,2017-11-11,16:28:57.783-08:00
78e77ac1-c740-11e7-90b6-a33da586196f,1-7fdef1311dd4e55307d404bf40215414,WS,Nesher,sensorData,json,2017-11-11T16:28:57.836-08:00,5.8,0.2,6.1,,,,,44,,,12,21,0,0,0,0.1,,,,,,,,0.2,,,,,,,,2017-11-11,16:28:57.836-08:00
79b467b0-c740-11e7-8516-a1b443649ea9,1-19ff46f41a24881f91cf2422b2f2fe8d,WS,Old-Market,sensorData,json,2017-11-11T16:28:59.179-08:00,3,0,3.1,21.53,1.3,19,24.4,56.8,3.3,,,,,,,,,,,,,,,,,,,,,,,2017-11-11,16:28:59.179-08:00
79bea0e0-c740-11e7-8ea3-bdeefb14cb95,1-c5a9c941a28f4ff0a008433753c8d0d9,WS,Kiryat-Tivon,sensorData,json,2017-11-11T16:28:59.246-08:00,,,,,,,,,0,,,,,,,,,,,,,,,,,,,,,,,2017-11-11,16:28:59.246-08:00
79c4bb60-c740-11e7-8b57-e994f8ea70af,1-f7f595e20c4b9ebd03654c8b9270906c,WS,Kiryat-Binyamin,sensorData,json,2017-11-11T16:28:59.286-08:00,8,0,7,24.83,1.6,313,,,,,,,,,,,,,,,,,,,,,,,,,,2017-11-11,16:28:59.286-08:00
79c92830-c740-11e7-826b-4378d3375672,1-dae7bb812d856a6788b1bf2eb8387df5,WS,Kiryat-Ata,sensorData,json,2017-11-11T16:28:59.315-08:00,6.7,-1.7,4.1,20.58,1.9,315,23.6,80.3,0,53,20.4,,,,,,,,,,,,,,,,,,,,,2017-11-11,16:28:59.315-08:00
79ccd1b0-c740-11e7-b396-8b80b3cfc651,1-066c849c06d83005268a0d966b415e48,WS,Neve-Shaanan,sensorData,json,2017-11-11T16:28:59.339-08:00,3.5,-0.3,2.9,,2.3,0,,,-0.7,44,,20.7,0,-0.5,-0.01,0,,,,,,,,,,,,,,,,2017-11-11,16:28:59.339-08:00
79d3af80-c740-11e7-ae37-617ddee8b477,1-2f3a983118c30cbe148ec2c7f8bb0ba3,WS,Daliat-el-Carmel,sensorData,json,2017-11-11T16:28:59.384-08:00,8.4,-0.2,7.9,13.64,1.9,316,,,0.7,,15,,-0.2,0.2,-0.21,,24.5,0.3,,,,,,,,,,,,,,2017-11-11,16:28:59.384-08:00
79dc6210-c740-11e7-8516-a1b443649ea9,1-c103a98f271d7c4b0f7e8ebfef28971c,WS,Igud,sensorData,json,2017-11-11T16:28:59.441-08:00,6.8,3.7,12.6,17.55,2,292,22.2,71.9,0,19,13.2,22.6,,,,,25.3,,44,9.4,1003,0,7.2,,,,,,,,,2017-11-11,16:28:59.441-08:00
79ded310-c740-11e7-922d-e592d25dbe09,1-78fa7d2d9a4026ad20d9f640e43e4a72,WS,Ahuza,sensorData,json,2017-11-11T16:28:59.457-08:00,25.4,3,30.1,,,,25.6,61.5,0.3,14,16.3,29.6,,,,,24,,2,13.2,1005,0,,-0.04,,,,,,,,2017-11-11,16:28:59.457-08:00
79e47860-c740-11e7-ad52-afff43ebfbca,1-5031b5704b3e9e1b4f2ab368bb9ccccb,WS,Shprintsak,sensorData,json,2017-11-11T16:28:59.494-08:00,9.3,-0.3,8.9,,1.7,323,21.3,83.7,0,5,11.7,23.4,,,,,23.9,,40,11.7,984,0,39.7,0.27,80,,,,,,,2017-11-11,16:28:59.494-08:00
79f31e60-c740-11e7-826b-4378d3375672,1-7901327e162fc71a1036c26341ec2aaf,WS,Kiryat-Motzkin,sensorData,json,2017-11-11T16:28:59.590-08:00,18,0,17,8.19,4.6,328,27.2,77,0.7,,,,,,,,,,,,,,,,,,,,,,,2017-11-11,16:28:59.590-08:00
7a0a28d0-c740-11e7-8b57-e994f8ea70af,1-48ba3f4e07410af7e504e0fbe1b0060a,WS,Kiryat-Yam,sensorData,json,2017-11-11T16:28:59.741-08:00,12.4,0,12.4,10.41,0.7,280,26,,0.7,,,,,,,,24,,,,,,,,56,,,,,,,2017-11-11,16:28:59.741-08:00
7a1e2601-c740-11e7-a297-b5cc7e104dd1,1-6985e68a03f7c4231c2b2f90f05151d6,WS,Kiryat-Bialik,sensorData,json,2017-11-11T16:28:59.872-08:00,15.1,0.5,16,30.26,0.7,355,26.7,77.2,0.2,17,22.4,27,0,0,-0.22,0.4,25.8,,30,,,0,,,63,28,9,43,0.65,,,2017-11-11,16:28:59.872-08:00
7a22b9e0-c740-11e7-ad52-afff43ebfbca,1-21eab6e222c5437b88958513155e7adc,WS,Nesher,sensorData,json,2017-11-11T16:28:59.902-08:00,5.9,0.1,6.1,,,,,42,,,13,21,0,0.1,0,0.1,,,,,,,,0.2,,,,,,,,2017-11-11,16:28:59.902-08:00
7afa2e20-c740-11e7-90b6-a33da586196f,1-d29994ef0af09762660113c58a683a9c,WS,Old-Market,sensorData,json,2017-11-11T16:29:01.314-08:00,2.4,0,2.3,26.86,0.8,44,24.4,55.5,3.2,,,,,,,,,,,,,,,,,,,,,,,2017-11-11,16:29:01.314-08:00
7b02e0b1-c740-11e7-b396-8b80b3cfc651,1-c261047fcb5e9faf810dede1fc79d573,WS,Kiryat-Tivon,sensorData,json,2017-11-11T16:29:01.371-08:00,,,,,,,,,0,,,,,,,,,,,,,,,,,,,,,,,2017-11-11,16:29:01.371-08:00
7b0a5ac0-c740-11e7-ae37-617ddee8b477,1-d572abde048d5541816dec20e132d471,WS,Kiryat-Binyamin,sensorData,json,2017-11-11T16:29:01.420-08:00,8,0,8,25.95,1.3,315,,,,,,,,,,,,,,,,,,,,,,,,,,2017-11-11,16:29:01.420-08:00
7b13f7b0-c740-11e7-a297-b5cc7e104dd1,1-c4af2425bd48a11d2723bb65c44896b2,WS,Kiryat-Ata,sensorData,json,2017-11-11T16:29:01.483-08:00,5.8,-1.7,3.2,21.83,1.8,316,23.5,80.4,0.2,53,19.6,,,,,,,,,,,,,,,,,,,,,2017-11-11,16:29:01.483-08:00
7b1a3940-c740-11e7-826b-4378d3375672,1-1a03c763db58910886c6d971c5093d2c,WS,Daliat-el-Carmel,sensorData,json,2017-11-11T16:29:01.524-08:00,7.1,-0.1,6.9,14.13,2.2,320,,,0.2,,12,,-0.2,0.2,-0.21,,24.5,0.4,,,,,,,,,,,,,,2017-11-11,16:29:01.524-08:00
7b264730-c740-11e7-826b-4378d3375672,1-82da9e03a3aa09b80a582bfc49a7257f,WS,Neve-Shaanan,sensorData,json,2017-11-11T16:29:01.603-08:00,4.6,0.1,4.8,,1.9,5,,,-0.8,44,,20.1,0,-0.5,-0.07,0,,,,,,,,,,,,,,,,2017-11-11,16:29:01.603-08:00
7b2a65e0-c740-11e7-8b57-e994f8ea70af,1-bfea57d3b7e7d9b81edc524011ec81a1,WS,Igud,sensorData,json,2017-11-11T16:29:01.630-08:00,5.3,3.6,11,19.01,2,297,22.2,70.2,0,19,12,20,,,,,25.3,,44,8,1003,0,6.8,,,,,,,,,2017-11-11,16:29:01.630-08:00
7b327c30-c740-11e7-922d-e592d25dbe09,1-08ae08845ae4a64c7ac956d79e8e7d07,WS,Shprintsak,sensorData,json,2017-11-11T16:29:01.683-08:00,13.2,-0.2,12.7,,1.5,336,21.2,74.5,0,5,13,34.3,,,,,23.8,,40,21.3,984,0,39.6,0.28,82,,,,,,,2017-11-11,16:29:01.683-08:00
7b34ed30-c740-11e7-826b-4378d3375672,1-d2652886635a593a850826b4b7c2134b,WS,Ahuza,sensorData,json,2017-11-11T16:29:01.699-08:00,23,1.9,26,,,,25.6,62.2,0.5,14,15.1,28.2,,,,,23.9,,2,13.1,1005,0,,-0.04,,,,,,,,2017-11-11,16:29:01.699-08:00
7b3b2ec0-c740-11e7-a297-b5cc7e104dd1,1-2ddd52c807d7f44e367ffe2cd18394d8,WS,Kiryat-Motzkin,sensorData,json,2017-11-11T16:29:01.740-08:00,13,0,12,11.34,4.2,329,27.3,79,0.5,,,,,,,,,,,,,,,,,,,,,,,2017-11-11,16:29:01.740-08:00
7b442f70-c740-11e7-ae37-617ddee8b477,1-ddb42f218da9014118d6d34e1c2bef1e,WS,Kiryat-Yam,sensorData,json,2017-11-11T16:29:01.799-08:00,10.4,-0.2,10,19.87,0.6,283,26,,0.6,,,,,,,,23.5,,,,,,,,62,,,,,,,2017-11-11,16:29:01.799-08:00
7b556d80-c740-11e7-826b-4378d3375672,1-204a4e16805a6bfffbc65729da6b0fa5,WS,Kiryat-Bialik,sensorData,json,2017-11-11T16:29:01.912-08:00,10.5,-0.6,9.5,22.67,0.9,36,26.5,71.4,0.4,17,22.6,29,0,0,-0.19,0.6,25.7,,30,,,0,,,64,11,0,11,0.59,,,2017-11-11,16:29:01.912-08:00
7b5bd620-c740-11e7-ad52-afff43ebfbca,1-904981cf1848a9110422ca1b8c26d5f0,WS,Nesher,sensorData,json,2017-11-11T16:29:01.954-08:00,6.8,0.1,6.9,,,,,41,,,10,18,0,0,0,0.1,,,,,,,,0.19,,,,,,,,2017-11-11,16:29:01.954-08:00
7c2cbab1-c740-11e7-ae37-617ddee8b477,1-3d0b24b004d99e842dfcbe3aaf0de8f2,WS,Old-Market,sensorData,json,2017-11-11T16:29:03.323-08:00,2.8,0,2.9,24.04,0.8,47,24.3,54.7,3,,,,,,,,,,,,,,,,,,,,,,,2017-11-11,16:29:03.323-08:00
7c34f810-c740-11e7-922d-e592d25dbe09,1-a2fc8f6901428d7498c7c10fd0fe895e,WS,Kiryat-Tivon,sensorData,json,2017-11-11T16:29:03.377-08:00,,,,,,,,,0,,,,,,,,,,,,,,,,,,,,,,,2017-11-11,16:29:03.377-08:00
7c434ff0-c740-11e7-a297-b5cc7e104dd1,1-a317ad832e6803fb9c18ac71c5c491fe,WS,Kiryat-Binyamin,sensorData,json,2017-11-11T16:29:03.471-08:00,6,0,5,26.68,1.1,323,,,,,,,,,,,,,,,,,,,,,,,,,,2017-11-11,16:29:03.471-08:00
7c4db030-c740-11e7-90b6-81dfcd22b622,1-58ff9316a563f4fe9c54a6d352b78e7a,WS,Kiryat-Ata,sensorData,json,2017-11-11T16:29:03.539-08:00,5.4,-1.8,2.5,22.18,1.3,314,23.6,77.6,0,53,16.8,,,,,,,,,,,,,,,,,,,,,2017-11-11,16:29:03.539-08:00
7c59e533-c740-11e7-a9dd-914287fc516e,1-975d206f381b50b6ea62fe64f24ee058,WS,Neve-Shaanan,sensorData,json,2017-11-11T16:29:03.619-08:00,4.6,0.1,4.8,,1.5,12,,,-1,44,,17.8,0,-0.5,-0.07,0.1,,,,,,,,,,,,,,,,2017-11-11,16:29:03.619-08:00
7c6074e0-c740-11e7-826b-4378d3375672,1-a389de5cc468d7fcc44f6022ddfa0d46,WS,Daliat-el-Carmel,sensorData,json,2017-11-11T16:29:03.662-08:00,6.1,0.7,7.2,15.69,1.6,321,,,0.2,,9,,-0.2,0.1,-0.22,,24.4,0.3,,,,,,,,,,,,,,2017-11-11,16:29:03.662-08:00
7c666850-c740-11e7-8ea3-bdeefb14cb95,1-26de9772aab770b96d297d988dfe6e17,WS,Igud,sensorData,json,2017-11-11T16:29:03.701-08:00,6.3,3.7,12,19.4,1.4,298,22.3,65.7,-0.1,19,12.2,21.4,,,,,25.1,,44,9.2,1003,0,7.5,,,,,,,,,2017-11-11,16:29:03.701-08:00
7c6de260-c740-11e7-ae37-617ddee8b477,1-64639f57c9b34d355fac3e5d7a089b50,WS,Kiryat-Motzkin,sensorData,json,2017-11-11T16:29:03.750-08:00,13,0,12,8.58,3.3,328,27.1,74,0.3,,,,,,,,,,,,,,,,,,,,,,,2017-11-11,16:29:03.750-08:00
7c720110-c740-11e7-826b-4378d3375672,1-bbad5122c33b7acdcd11dbca6ccd59c1,WS,Shprintsak,sensorData,json,2017-11-11T16:29:03.777-08:00,19.3,-0.2,18.9,,1.4,341,21.1,68.4,0.1,5,12.4,34.8,,,,,23.7,,40,22.4,984,0,39.6,0.29,82,,,,,,,2017-11-11,16:29:03.777-08:00
7c753560-c740-11e7-ad52-afff43ebfbca,1-8754844d6a6cc05280e7a82363b9fee2,WS,Ahuza,sensorData,json,2017-11-11T16:29:03.798-08:00,22.7,0.3,23.3,,,,25.8,59.2,0.2,14,14,28.6,,,,,23.7,,2,14.5,1005,0,,-0.04,,,,,,,,2017-11-11,16:29:03.798-08:00
7c7e5d20-c740-11e7-90b6-a33da586196f,1-85f1a97cfca4864b76fb1d5b56775279,WS,Kiryat-Yam,sensorData,json,2017-11-11T16:29:03.858-08:00,9.3,-0.2,8.9,15.81,0.6,283,25.8,,,,,,,,,,23.3,,,,,,,,60,,,,,,,2017-11-11,16:29:03.858-08:00
7c8ba390-c740-11e7-90b6-81dfcd22b622,1-704d40293f4bbdfd56820a5551dd1c1e,WS,Kiryat-Bialik,sensorData,json,2017-11-11T16:29:03.945-08:00,6.3,-0.8,5.1,17.51,1.3,58,26.3,72.1,0.1,17,19.9,27,0,0,-0.2,0.5,25.6,,30,,,0,,,64,6,0,5,0.6,,,2017-11-11,16:29:03.945-08:00
7c945621-c740-11e7-8b57-e994f8ea70af,1-5d4e7441763891b3ce57c79d17f416a3,WS,Nesher,sensorData,json,2017-11-11T16:29:04.002-08:00,7.2,0,7.1,,,,,39,,,12,20,0,0,0,0.1,,,,,,,,0.21,,,,,,,,2017-11-11,16:29:04.002-08:00
7d616a22-c740-11e7-a9dd-914287fc516e,1-851b41ef32e070d9a59565f062d1b889,WS,Old-Market,sensorData,json,2017-11-11T16:29:05.346-08:00,1.7,-0.1,1.4,23.56,0.8,55,24.3,58.3,2.8,,,,,,,,,,,,,,,,,,,,,,,2017-11-11,16:29:05.346-08:00
7d6e8982-c740-11e7-b396-8b80b3cfc651,1-47ebedb28d4978b37916402d9d9af49f,WS,Kiryat-Binyamin,sensorData,json,2017-11-11T16:29:05.432-08:00,8,0,8,27.14,1.1,312,,,,,,,,,,,,,,,,,,,,,,,,,,2017-11-11,16:29:05.432-08:00
7d70fa8a-c740-11e7-8b57-e994f8ea70af,1-d2db8160fd1e3bd04724394c411422a0,WS,Kiryat-Tivon,sensorData,json,2017-11-11T16:29:05.448-08:00,,,,,,,,,0,,,,,,,,,,,,,,,,,,,,,,,2017-11-11,16:29:05.448-08:00
7d7455e0-c740-11e7-a297-b5cc7e104dd1,1-87534b0863242baa40815a6ab917fee8,WS,Kiryat-Ata,sensorData,json,2017-11-11T16:29:05.470-08:00,4.5,-1.9,1.4,19.42,1.5,314,23.6,77.4,0,53,17,,,,,,,,,,,,,,,,,,,,,2017-11-11,16:29:05.470-08:00
7d7c6c30-c740-11e7-ad52-afff43ebfbca,1-c27b0c1a7f2cd2327b9555de295e090e,WS,Neve-Shaanan,sensorData,json,2017-11-11T16:29:05.523-08:00,4.4,0,4.3,,1.5,9,,,-0.8,44,,16.4,0,-0.5,-0.03,0,,,,,,,,,,,,,,,,2017-11-11,16:29:05.523-08:00
7d7d7da0-c740-11e7-922d-e592d25dbe09,1-d0087ad62d36440c094d82a8c0eba2c4,WS,Daliat-el-Carmel,sensorData,json,2017-11-11T16:29:05.530-08:00,11.6,-0.5,10.8,13.64,1.5,312,,,0.8,,9.5,,-0.1,0.4,-0.21,,24,0.4,,,,,,,,,,,,,,2017-11-11,16:29:05.530-08:00
7d8a27d0-c740-11e7-a297-b5cc7e104dd1,1-0e2470fd4ab3e2e0aca2b5ba3030ae23,WS,Igud,sensorData,json,2017-11-11T16:29:05.613-08:00,8.4,3.5,13.9,17.26,1.3,290,22.3,63,-0.2,20,10.5,15.9,,,,,25,,44,5.3,1004,0,7.4,,,,,,,,,2017-11-11,16:29:05.613-08:00
7d9439f3-c740-11e7-b396-8b80b3cfc651,1-5f6c1ff5ad7300588a8c45d69958af6a,WS,Ahuza,sensorData,json,2017-11-11T16:29:05.679-08:00,23.7,0,23.6,,,,25.7,55.9,0.3,14,14.5,25.9,,,,,23.6,,2,11.3,1005,0,,-0.04,,,,,,,,2017-11-11,16:29:05.679-08:00
7d9683e0-c740-11e7-90b6-a33da586196f,1-f9e7278f5754dc42a99dc4c664982fee,WS,Shprintsak,sensorData,json,2017-11-11T16:29:05.694-08:00,26,-0.1,25.7,,1.3,337,21,61.3,1.2,5,18,38,,,,,23.6,,40,19.9,984,0,39.6,0.34,83,,,,,,,2017-11-11,16:29:05.694-08:00
7d9e2500-c740-11e7-a297-b5cc7e104dd1,1-6c67bef4e06db59c22556a01ca699ef2,WS,Kiryat-Motzkin,sensorData,json,2017-11-11T16:29:05.744-08:00,23,0,22,8.12,2.5,323,27.2,57,0.3,,,,,,,,,,,,,,,,,,,,,,,2017-11-11,16:29:05.744-08:00
7daec6d0-c740-11e7-8b57-e994f8ea70af,1-2454aab946be0fb9032582900a687ad6,WS,Kiryat-Yam,sensorData,json,2017-11-11T16:29:05.853-08:00,8.3,-0.2,8,21.55,0.5,286,25.8,,0,,,,,,,,23.4,,,,,,,,56,,,,,,,2017-11-11,16:29:05.853-08:00
7dbb7100-c740-11e7-ad52-afff43ebfbca,1-3c13f83ae1788dffd4965c9dfce986ef,WS,Kiryat-Bialik,sensorData,json,2017-11-11T16:29:05.936-08:00,11.7,-0.5,10.8,16.67,1,54,26,77.3,0.1,17,19.4,24,0,0,-0.24,0.7,25.5,,30,,,0,,,64,9,0,8,0.68,,,2017-11-11,16:29:05.936-08:00
7dc4bfd0-c740-11e7-826b-4378d3375672,1-b7867baa264a3e791e6fe02046b1e070,WS,Nesher,sensorData,json,2017-11-11T16:29:05.997-08:00,4.8,-0.2,4.5,,,,,42,,,10,19,0,0,0,0.1,,,,,,,,0.2,,,,,,,,2017-11-11,16:29:05.997-08:00
7e8eeda0-c740-11e7-b396-8b80b3cfc651,1-d2f9e72ec177e7d624f4559fd4afc47b,WS,Old-Market,sensorData,json,2017-11-11T16:29:07.322-08:00,2,-0.1,1.7,28.82,0.7,45,24.3,58.8,3,,,,,,,,,,,,,,,,,,,,,,,2017-11-11,16:29:07.322-08:00
7e999c00-c740-11e7-ae37-617ddee8b477,1-344ebe0555664f3385d9b2824cc5f9c6,WS,Kiryat-Tivon,sensorData,json,2017-11-11T16:29:07.392-08:00,,,,,,,,,0,,,,,,,,,,,,,,,,,,,,,,,2017-11-11,16:29:07.392-08:00
7e9e08d0-c740-11e7-ad52-afff43ebfbca,1-772762cefa8e09e999b023c83c0dc31f,WS,Kiryat-Binyamin,sensorData,json,2017-11-11T16:29:07.421-08:00,5,0,4,22.09,1.3,299,,,,,,,,,,,,,,,,,,,,,,,,,,2017-11-11,16:29:07.421-08:00
7ea97a80-c740-11e7-ae37-617ddee8b477,1-433fcad999e4a30a630a00c02a2ca60f,WS,Kiryat-Ata,sensorData,json,2017-11-11T16:29:07.496-08:00,10.6,-2,7.6,19.49,1.4,311,23.6,67.7,0,53,15.2,,,,,,,,,,,,,,,,,,,,,2017-11-11,16:29:07.496-08:00
7eade750-c740-11e7-ad52-afff43ebfbca,1-630d699d1f661bda9342a093476a3c81,WS,Neve-Shaanan,sensorData,json,2017-11-11T16:29:07.525-08:00,2.6,-0.8,1.3,,1.5,0,,,-0.8,44,,18.5,0,-0.5,-0.04,0,,,,,,,,,,,,,,,,2017-11-11,16:29:07.525-08:00
7eb0f490-c740-11e7-ae37-617ddee8b477,1-bb5a1d869612135d567fff04e662786b,WS,Daliat-el-Carmel,sensorData,json,2017-11-11T16:29:07.545-08:00,8,-0.6,7.1,11.75,1.4,311,,,0.5,,12.3,,-0.1,0.4,-0.19,,23.6,0.4,,,,,,,,,,,,,,2017-11-11,16:29:07.545-08:00
7eb51340-c740-11e7-ad52-afff43ebfbca,1-e9dfa986b8773385998ad51a8ec60b93,WS,Igud,sensorData,json,2017-11-11T16:29:07.572-08:00,6.6,3.4,12,15.64,1.3,275,22.3,64.7,-0.1,20,10.6,17.7,,,,,24.9,,44,7.1,1004,0,7.5,,,,,,,,,2017-11-11,16:29:07.572-08:00
7ec0fa20-c740-11e7-922d-e592d25dbe09,1-6acb17ebd5454fba91779c08d1eebe44,WS,Shprintsak,sensorData,json,2017-11-11T16:29:07.650-08:00,20.7,0,20.7,,1.3,320,20.9,67.1,1.4,5,20.8,38,,,,,23.5,,40,17.1,984,0,39.7,0.38,82,,,,,,,2017-11-11,16:29:07.650-08:00
7ec4cab0-c740-11e7-90b6-81dfcd22b622,1-264a3edeff20049429bf3e1359b5adda,WS,Ahuza,sensorData,json,2017-11-11T16:29:07.675-08:00,23.7,0.1,23.9,,,,25.8,50.3,0.1,15,13.3,23.6,,,,,23.6,,2,10.2,1005,0,,-0.03,,,,,,,,2017-11-11,16:29:07.675-08:00
7ec8c250-c740-11e7-8b57-e994f8ea70af,1-f40f1e6d11c8bd3f08d98101671983ac,WS,Kiryat-Motzkin,sensorData,json,2017-11-11T16:29:07.701-08:00,20,0,19,10.36,2.6,328,27.3,58,0.4,,,,,,,,,,,,,,,,,,,,,,,2017-11-11,16:29:07.701-08:00
7ed96420-c740-11e7-8ea3-bdeefb14cb95,1-056f4639a772bd1f4d453b9e76c2e71a,WS,Kiryat-Yam,sensorData,json,2017-11-11T16:29:07.810-08:00,,,,12.34,0.6,278,25.8,,-0.2,,,,,,,,23.4,,,,,,,,55,,,,,,,2017-11-11,16:29:07.810-08:00
7ee32820-c740-11e7-ae37-617ddee8b477,1-0c482056c78c03e2863fddb3c2761c08,WS,Kiryat-Bialik,sensorData,json,2017-11-11T16:29:07.874-08:00,15.9,-0.3,15.3,23.99,0.8,44,25.8,76.5,0.3,17,19.7,24,0,0,-0.2,0.9,25.5,,30,,,0,,,64,12,0,11,0.68,,,2017-11-11,16:29:07.874-08:00
7ef26a60-c740-11e7-a9dd-914287fc516e,1-47c1f39da41769411d52157fae4527c8,WS,Nesher,sensorData,json,2017-11-11T16:29:07.974-08:00,1.7,0.1,1.9,,,,,45,,,10,19,0,0.1,0,0.1,,,,,,,,0.19,,,,,,,,2017-11-11,16:29:07.974-08:00
7fcdaf30-c740-11e7-a297-b5cc7e104dd1,1-2faa33a4a456c273259feae40cd44474,WS,Old-Market,sensorData,json,2017-11-11T16:29:09.411-08:00,1.7,-0.1,1.4,21.81,0.8,62,24.2,59.9,3.4,,,,,,,,,,,,,,,,,,,,,,,2017-11-11,16:29:09.411-08:00
7fdd1880-c740-11e7-ad52-afff43ebfbca,1-ca73fe2a594772651e884b0cbbb7bbb9,WS,Kiryat-Binyamin,sensorData,json,2017-11-11T16:29:09.512-08:00,5,0,4,21.86,1.2,306,,,,,,,,,,,,,,,,,,,,,,,,,,2017-11-11,16:29:09.512-08:00
7fe2bdd0-c740-11e7-a9dd-914287fc516e,1-12b4e804b3b734630f15f24735565378,WS,Kiryat-Tivon,sensorData,json,2017-11-11T16:29:09.549-08:00,,,,,,,,,0,,,,,,,,,,,,,,,,,,,,,,,2017-11-11,16:29:09.549-08:00
7feb7063-c740-11e7-b396-8b80b3cfc651,1-1858b99ddc3363db6f1bde9bfba3f807,WS,Kiryat-Ata,sensorData,json,2017-11-11T16:29:09.606-08:00,16.6,-1.5,14.2,19.64,1.7,309,23.7,61.8,0,53,16.9,,,,,,,,,,,,,,,,,,,,,2017-11-11,16:29:09.606-08:00
7feef2d0-c740-11e7-a9dd-914287fc516e,1-3f4d63033734470e6b7d49f26e7e48cc,WS,Neve-Shaanan,sensorData,json,2017-11-11T16:29:09.629-08:00,1.5,-1.1,-0.1,,1.4,359,,,-0.7,44,,15,0,-0.5,-0.09,0,,,,,,,,,,,,,,,,2017-11-11,16:29:09.629-08:00
7ff4bf30-c740-11e7-826b-4378d3375672,1-57f63d0a16caf64aa95429dc969807aa,WS,Daliat-el-Carmel,sensorData,json,2017-11-11T16:29:09.667-08:00,9,-0.7,7.9,12.73,1.4,317,,,0.1,,13.3,,-0.2,0,-0.24,,23.6,0.6,,,,,,,,,,,,,,2017-11-11,16:29:09.667-08:00
7ff53460-c740-11e7-90b6-a33da586196f,1-b348455e2135354b93c7b010c3a7f221,WS,Igud,sensorData,json,2017-11-11T16:29:09.670-08:00,7.4,3.3,12.6,16.55,0.9,294,22.3,63,0,20,9.8,17.2,,,,,24.8,,44,7.4,1004,0,7.5,,,,,,,,,2017-11-11,16:29:09.670-08:00
7ffbeb20-c740-11e7-a297-b5cc7e104dd1,1-311d553dfbb51d6b0720cbfd83dece18,WS,Ahuza,sensorData,json,2017-11-11T16:29:09.714-08:00,14.6,0.1,14.8,,,,25.7,60.2,0,15,12.7,22,,,,,23.4,,2,9.2,1005,0,,0,,,,,,,,2017-11-11,16:29:09.714-08:00
8004c4c0-c740-11e7-8516-a1b443649ea9,1-63db5e42e249d53b94640f660d733f95,WS,Shprintsak,sensorData,json,2017-11-11T16:29:09.772-08:00,19,-0.1,18.7,,1.1,316,20.8,69.9,0.2,5,20.6,26.3,,,,,23.5,,40,5.7,984,0,39.7,0.44,82,,,,,,,2017-11-11,16:29:09.772-08:00
80103670-c740-11e7-922d-e592d25dbe09,1-ab9a48f39c154844caf486abf5a623d2,WS,Kiryat-Motzkin,sensorData,json,2017-11-11T16:29:09.847-08:00,21,0,20,12.65,2.5,332,27.3,56,0.5,,,,,,,,,,,,,,,,,,,,,,,2017-11-11,16:29:09.847-08:00
801c4460-c740-11e7-826b-4378d3375672,1-25cf61c2e35675deb3ab5f8f11b5407c,WS,Kiryat-Yam,sensorData,json,2017-11-11T16:29:09.926-08:00,,,,11.56,0.7,282,25.8,,-0.1,,,,,,,,23.1,,,,,,,,55,,,,,,,2017-11-11,16:29:09.926-08:00
802767f0-c740-11e7-a297-b5cc7e104dd1,1-91df7287558e558741ac85480626ad48,WS,Kiryat-Bialik,sensorData,json,2017-11-11T16:29:09.999-08:00,9.3,-0.5,8.4,17.65,1.2,60,25.5,69.7,0.2,17,18.9,26,0,0,-0.18,1.4,25.4,,30,,,0,,,64,8,0,7,0.8,,,2017-11-11,16:29:09.999-08:00
80326470-c740-11e7-8b57-e994f8ea70af,1-462b0c28a15618b3a495d60cbec4706b,WS,Nesher,sensorData,json,2017-11-11T16:29:10.071-08:00,7.3,0.1,7.4,,,,,38,,,9,18,0,0.1,0,0.1,,,,,,,,0.2,,,,,,,,2017-11-11,16:29:10.071-08:00
81037010-c740-11e7-90b6-81dfcd22b622,1-72d6741d6957e9740abf6220e33be1ba,WS,Old-Market,sensorData,json,2017-11-11T16:29:11.441-08:00,1.8,-0.1,1.6,21.23,0.8,61,24.3,60.2,3.8,,,,,,,,,,,,,,,,,,,,,,,2017-11-11,16:29:11.441-08:00
81146001-c740-11e7-826b-4378d3375672,1-8f96c8005003047e93a804352895dbb9,WS,Kiryat-Tivon,sensorData,json,2017-11-11T16:29:11.552-08:00,,,,,,,,,0,,,,,,,,,,,,,,,,,,,,,,,2017-11-11,16:29:11.552-08:00
81179452-c740-11e7-8ea3-bdeefb14cb95,1-9ff08d962b679abf7861dddd645d54d2,WS,Kiryat-Binyamin,sensorData,json,2017-11-11T16:29:11.573-08:00,5,0,4,28.27,0.9,319,,,,,,,,,,,,,,,,,,,,,,,,,,2017-11-11,16:29:11.573-08:00
811f3570-c740-11e7-922d-e592d25dbe09,1-1a17de43b9ea16f82c92bf66494384f7,WS,Kiryat-Ata,sensorData,json,2017-11-11T16:29:11.623-08:00,12.4,-1.9,9.4,19.5,1.7,313,23.6,70.4,0,53,12.8,,,,,,,,,,,,,,,,,,,,,2017-11-11,16:29:11.623-08:00
819f8900-c740-11e7-8b57-e994f8ea70af,1-29283993a4f38203b16031be6fc66b51,WS,Kiryat-Bialik,sensorData,json,2017-11-11T16:29:12.464-08:00,10,-0.5,9.2,18.51,1.4,57,25.3,69.1,0.1,17,16.9,24,0.1,0,-0.21,1,25.3,,30,,,0,,,64,8,0,7,0.91,,,2017-11-11,16:29:12.464-08:00
81ab96f0-c740-11e7-a297-b5cc7e104dd1,1-63b5164a83497ec472065f8c8d92b3be,WS,Nesher,sensorData,json,2017-11-11T16:29:12.543-08:00,5.5,0.1,5.6,,,,,41,,,9,17,0,0,0,0.1,,,,,,,,0.19,,,,,,,,2017-11-11,16:29:12.543-08:00
82358770-c740-11e7-ae37-617ddee8b477,1-b5cd56fb27d0a8b293cdff16a274e55b,WS,Old-Market,sensorData,json,2017-11-11T16:29:13.447-08:00,1.4,-0.2,1.1,23.78,0.7,52,24.2,60.9,3.1,,,,,,,,,,,,,,,,,,,,,,,2017-11-11,16:29:13.447-08:00
8249d2c0-c740-11e7-b396-8b80b3cfc651,1-f220dd358d590265b0a53e80af63e053,WS,Kiryat-Tivon,sensorData,json,2017-11-11T16:29:13.580-08:00,,,,,,,,,0,,,,,,,,,,,,,,,,,,,,,,,2017-11-11,16:29:13.580-08:00
8250feb0-c740-11e7-ad52-afff43ebfbca,1-1d199e0e07a6e0ccf9774f2da47f5600,WS,Kiryat-Binyamin,sensorData,json,2017-11-11T16:29:13.627-08:00,4,0,3,24.84,1.1,306,,,,,,,,,,,,,,,,,,,,,,,,,,2017-11-11,16:29:13.627-08:00
825f0870-c740-11e7-a9dd-914287fc516e,1-07c5e38cff91f7efd15033b4c63a418a,WS,Kiryat-Ata,sensorData,json,2017-11-11T16:29:13.719-08:00,11.1,-1.8,8.2,19,1.7,311,23.6,71.7,0,53,12.8,,,,,,,,,,,,,,,,,,,,,2017-11-11,16:29:13.719-08:00
826d1230-c740-11e7-922d-e592d25dbe09,1-ac15920d1a2d5d14a37d130fea381dbc,WS,Neve-Shaanan,sensorData,json,2017-11-11T16:29:13.811-08:00,2.4,-0.6,1.4,,1.9,357,,,-0.8,44,,16.6,0,-0.5,-0.09,0,,,,,,,,,,,,,,,,2017-11-11,16:29:13.811-08:00
82732cb0-c740-11e7-8ea3-bdeefb14cb95,1-4a9b218056f2c75c6936fe2cc76a7f26,WS,Daliat-el-Carmel,sensorData,json,2017-11-11T16:29:13.851-08:00,10.9,-0.1,10.7,9.82,1.2,316,,,0.9,,16.9,,0,0.7,-0.19,,23.5,1.4,,,,,,,,,,,,,,2017-11-11,16:29:13.851-08:00
82732cb1-c740-11e7-8ea3-bdeefb14cb95,1-a92a384a3018212ee7dc1dba0c58d30b,WS,Igud,sensorData,json,2017-11-11T16:29:13.851-08:00,6.2,3.3,11.4,14.53,1,284,22.3,65.6,0,20,9.9,20.2,,,,,24.5,,44,10.3,1003,0,7.5,,,,,,,,,2017-11-11,16:29:13.851-08:00
82774b60-c740-11e7-b396-8b80b3cfc651,1-277ddd2380032afbe48dc52d4830a5c5,WS,Shprintsak,sensorData,json,2017-11-11T16:29:13.878-08:00,15.6,-0.2,15.1,,1.5,300,20.6,66.4,-0.4,5,16,24.4,,,,,23.3,,40,8.4,984,0,39.8,0.37,82,,,,,,,2017-11-11,16:29:13.878-08:00
82796e40-c740-11e7-8ea3-bdeefb14cb95,1-3467ce4031344039c4f1fe5292003cce,WS,Ahuza,sensorData,json,2017-11-11T16:29:13.892-08:00,10.6,-0.1,10.4,,,,25.6,72.8,0.2,15,10,16.8,,,,,23.3,,2,6.8,1005,0,,-0.02,,,,,,,,2017-11-11,16:29:13.892-08:00
828750f1-c740-11e7-90b6-81dfcd22b622,1-73c14ef0183a7e87e6691e6abf607b9b,WS,Kiryat-Motzkin,sensorData,json,2017-11-11T16:29:13.983-08:00,25,0,24,11.15,2.6,337,27.2,55,0.5,,,,,,,,,,,,,,,,,,,,,,,2017-11-11,16:29:13.983-08:00
8289c1f0-c740-11e7-8b57-e994f8ea70af,1-fe8bd047abf39a658ef6542f832aed15,WS,Kiryat-Yam,sensorData,json,2017-11-11T16:29:13.999-08:00,3.5,0,3.4,18.03,0.7,284,25.7,,0,,,,,,,,23.1,,,,,,,,53,,,,,,,2017-11-11,16:29:13.999-08:00
82955ab0-c740-11e7-a297-b5cc7e104dd1,1-dfc4874e4bba99b3c99136c3c9d51463,WS,Kiryat-Bialik,sensorData,json,2017-11-11T16:29:14.075-08:00,8.2,-0.5,7.3,23.78,1.3,40,25.1,61.4,0.3,17,16.2,22,0.1,0,-0.24,1,25.2,,30,,,0,,,64,8,0,7,0.74,,,2017-11-11,16:29:14.075-08:00
829a3cb0-c740-11e7-826b-4378d3375672,1-e82141c3274c2c845753e4cacbe13f06,WS,Nesher,sensorData,json,2017-11-11T16:29:14.107-08:00,4.4,0.2,4.7,,,,,42,,,9,17,0,0,0,0.1,,,,,,,,0.18,,,,,,,,2017-11-11,16:29:14.107-08:00
8369e8c0-c740-11e7-a9dd-914287fc516e,1-cffa63db92ad602a4ce973f6edb1049c,WS,Old-Market,sensorData,json,2017-11-11T16:29:15.468-08:00,1.5,-0.2,1.2,27.71,0.7,46,24.2,61.3,1.2,,,,,,,,,,,,,,,,,,,,,,,2017-11-11,16:29:15.468-08:00
837644d0-c740-11e7-a297-b5cc7e104dd1,1-c580e4aab496cac7234294752801283e,WS,Kiryat-Binyamin,sensorData,json,2017-11-11T16:29:15.549-08:00,2,0,1,29.69,0.9,317,,,,,,,,,,,,,,,,,,,,,,,,,,2017-11-11,16:29:15.549-08:00
837fbab0-c740-11e7-826b-4378d3375672,1-57636ac291d923f8b4c6797f3046f781,WS,Kiryat-Tivon,sensorData,json,2017-11-11T16:29:15.611-08:00,,,,,,,,,0,,,,,,,,,,,,,,,,,,,,,,,2017-11-11,16:29:15.611-08:00
83833d20-c740-11e7-a9dd-914287fc516e,1-42daefdbd69cdbfb994cff269dddb0be,WS,Kiryat-Ata,sensorData,json,2017-11-11T16:29:15.634-08:00,11.6,-1.9,8.5,16.98,1.9,309,23.7,72.3,0,53,15.1,,,,,,,,,,,,,,,,,,,,,2017-11-11,16:29:15.634-08:00
838b7a80-c740-11e7-8ea3-bdeefb14cb95,1-e3edbd782992a130b5065faa0af74bff,WS,Neve-Shaanan,sensorData,json,2017-11-11T16:29:15.688-08:00,2.5,-0.4,1.8,,1.9,2,,,-0.7,44,,17.9,0,-0.5,-0.09,0,,,,,,,,,,,,,,,,2017-11-11,16:29:15.688-08:00
83978870-c740-11e7-ad52-afff43ebfbca,1-c1dd4bf4287dbc4929a00bcc0cede77e,WS,Daliat-el-Carmel,sensorData,json,2017-11-11T16:29:15.767-08:00,9.9,-0.3,9.4,11.84,1.1,322,,,0.9,,13.2,,0,0.8,-0.17,,23.4,1.6,,,,,,,,,,,,,,2017-11-11,16:29:15.767-08:00
839e1820-c740-11e7-b396-8b80b3cfc651,1-fe1b690b530b2b9639d0c443075d9e9a,WS,Igud,sensorData,json,2017-11-11T16:29:15.810-08:00,4.9,3.2,9.9,18.72,0.9,289,22.3,67.2,0.1,20,8.6,12.2,,,,,24.5,,44,3.5,1003,0,7.8,,,,,,,,,2017-11-11,16:29:15.810-08:00
83a73fe0-c740-11e7-a9dd-914287fc516e,1-3a2f822a0853666b54c05f2f136103a6,WS,Ahuza,sensorData,json,2017-11-11T16:29:15.870-08:00,5.8,-0.3,5.3,,,,25.7,82.2,0,15,9.6,17.3,,,,,23.3,,2,7.7,1005,0,,-0.03,,,,,,,,2017-11-11,16:29:15.870-08:00
83aee100-c740-11e7-8516-a1b443649ea9,1-c0969438b5ab6b371a556da40b25541b,WS,Shprintsak,sensorData,json,2017-11-11T16:29:15.920-08:00,5.2,-0.3,4.7,,1.7,302,20.6,82.8,-0.5,5,11.6,17.3,,,,,23.2,,40,5.7,984,0,39.7,0.3,82,,,,,,,2017-11-11,16:29:15.920-08:00
83b4ad60-c740-11e7-922d-e592d25dbe09,1-03ff30e2fbd18e996af5b32f9571113f,WS,Kiryat-Motzkin,sensorData,json,2017-11-11T16:29:15.958-08:00,26,0,25,11.22,2.5,338,27.2,55,0.5,,,,,,,,,,,,,,,,,,,,,,,2017-11-11,16:29:15.958-08:00
83c4b2f0-c740-11e7-826b-4378d3375672,1-2d5d3515b533aef686f7e2d523252ead,WS,Kiryat-Yam,sensorData,json,2017-11-11T16:29:16.063-08:00,1.9,-0.1,1.7,18.14,0.7,283,25.7,,0,,,,,,,,22.9,,,,,,,,54,,,,,,,2017-11-11,16:29:16.063-08:00
83c946d0-c740-11e7-a9dd-914287fc516e,1-7e9a2ddbe67335520b9af72a2b202f1f,WS,Kiryat-Bialik,sensorData,json,2017-11-11T16:29:16.093-08:00,12.2,-0.4,11.5,22.28,1,20,24.9,64.5,0.1,17,17.5,27,0.1,0.1,-0.18,1.5,25.1,,30,,,0,,,64,10,0,9,0.69,,,2017-11-11,16:29:16.093-08:00
83d63f21-c740-11e7-a9dd-914287fc516e,1-ee1e4f8faf22a19fa1b79507a1928557,WS,Nesher,sensorData,json,2017-11-11T16:29:16.178-08:00,3.9,0.1,4.1,,,,,44,,,8,12,0,0.1,0,0.1,,,,,,,,0.18,,,,,,,,2017-11-11,16:29:16.178-08:00
849cc370-c740-11e7-90b6-a33da586196f,1-5a8f31f514fdab32a6e6c0e72dbae077,WS,Old-Market,sensorData,json,2017-11-11T16:29:17.479-08:00,2.1,-0.1,1.9,33.84,0.5,60,24.2,59.1,1.5,,,,,,,,,,,,,,,,,,,,,,,2017-11-11,16:29:17.479-08:00
84ad8c50-c740-11e7-8ea3-bdeefb14cb95,1-1af2e118b2e10581649328e451086a08,WS,Kiryat-Tivon,sensorData,json,2017-11-11T16:29:17.589-08:00,,,,,,,,,0,,,,,,,,,,,,,,,,,,,,,,,2017-11-11,16:29:17.589-08:00
84b49130-c740-11e7-90b6-81dfcd22b622,1-f9ff092e493480a7331d8282ff211a7c,WS,Kiryat-Binyamin,sensorData,json,2017-11-11T16:29:17.635-08:00,2,0,1,26.25,1,313,,,,,,,,,,,,,,,,,,,,,,,,,,2017-11-11,16:29:17.635-08:00
84bd6ad0-c740-11e7-a297-b5cc7e104dd1,1-f79d43407aeff842bb80f02c5c1d83dc,WS,Kiryat-Ata,sensorData,json,2017-11-11T16:29:17.693-08:00,13.9,-2,10.7,19.19,1.3,309,23.6,67.3,0,53,15,,,,,,,,,,,,,,,,,,,,,2017-11-11,16:29:17.693-08:00
84c225c1-c740-11e7-8b57-e994f8ea70af,1-bb54d75604fc1b16e9778c8b6b1c30b1,WS,Daliat-el-Carmel,sensorData,json,2017-11-11T16:29:17.724-08:00,7.7,-1,6.1,11.86,1.2,312,,,0.6,,14,,0,0.9,-0.11,,23.3,1.6,,,,,,,,,,,,,,2017-11-11,16:29:17.724-08:00
84c2e910-c740-11e7-90b6-81dfcd22b622,1-254d05064c57f009586208ab900df6ff,WS,Neve-Shaanan,sensorData,json,2017-11-11T16:29:17.729-08:00,3.4,-0.1,3.3,,2.2,356,,,-0.9,44,,24.6,0,-0.5,-0.09,0,,,,,,,,,,,,,,,,2017-11-11,16:29:17.729-08:00
84d2a080-c740-11e7-ad52-afff43ebfbca,1-b8e3232f6d32aa47271c195d7c074b77,WS,Igud,sensorData,json,2017-11-11T16:29:17.832-08:00,5.5,3.2,10.4,23.8,0.5,301,22.3,64.6,0,20,9.1,15.6,,,,,24.3,,44,6.4,1003,0,7.7,,,,,,,,,2017-11-11,16:29:17.832-08:00
84d49c50-c740-11e7-ad52-afff43ebfbca,1-4dd5d3e690ef7cda16d4b243e8334eda,WS,Ahuza,sensorData,json,2017-11-11T16:29:17.845-08:00,2.2,-0.4,1.5,,,,25.5,86,,15,10.6,17.3,,,,,23.2,,2,6.6,1004,0,,0,,,,,,,,2017-11-11,16:29:17.845-08:00
84d93030-c740-11e7-90b6-81dfcd22b622,1-52fc4f5a9405d2cfe7b079996204845d,WS,Shprintsak,sensorData,json,2017-11-11T16:29:17.875-08:00,6.1,-0.2,5.7,,2,276,20.7,80,,5,9.7,14.7,,,,,23,,40,4.9,984,0,39.8,0.31,84,,,,,,,2017-11-11,16:29:17.875-08:00
84ded580-c740-11e7-a9dd-914287fc516e,1-a333877227b73a62339f931fbb27e112,WS,Kiryat-Motzkin,sensorData,json,2017-11-11T16:29:17.912-08:00,22,0,21,12.37,2,333,27.3,61,0.5,,,,,,,,,,,,,,,,,,,,,,,2017-11-11,16:29:17.912-08:00
84e27f00-c740-11e7-b396-8b80b3cfc651,1-191123289c3c46b1ae0a0586bd7f7552,WS,Kiryat-Yam,sensorData,json,2017-11-11T16:29:17.936-08:00,0.6,-0.1,0.3,14.57,0.6,281,25.7,,0,,,,,,,,22.6,,,,,,,,56,,,,,,,2017-11-11,16:29:17.936-08:00
84e7d630-c740-11e7-8ea3-bdeefb14cb95,1-74123a9e971da6af906c87a26f144041,WS,Kiryat-Bialik,sensorData,json,2017-11-11T16:29:17.971-08:00,24.9,-0.4,24.2,27,0.8,346,24.8,72.6,0.2,17,20.5,33,0.1,0.1,-0.19,2.3,25,,30,,,0,,,65,,,,0.65,,,2017-11-11,16:29:17.971-08:00
84ed7b80-c740-11e7-8b57-e994f8ea70af,1-f00a6175e9382b93f90b5ef890d4a3cc,WS,Nesher,sensorData,json,2017-11-11T16:29:18.008-08:00,3.9,-0.1,3.7,,,,,35,,,10,19,0,0,0,0.1,,,,,,,,0.21,,,,,,,,2017-11-11,16:29:18.008-08:00
85c47a90-c740-11e7-90b6-81dfcd22b622,1-f886833fbc356ad830ed753aa41adf11,WS,Old-Market,sensorData,json,2017-11-11T16:29:19.417-08:00,1.5,-0.2,1.1,50.74,0.3,339,24.2,59.8,1.6,,,,,,,,,,,,,,,,,,,,,,,2017-11-11,16:29:19.417-08:00
85cb0a41-c740-11e7-922d-e592d25dbe09,1-4216f871f0420bf7f881f99bd0382881,WS,Kiryat-Tivon,sensorData,json,2017-11-11T16:29:19.460-08:00,,,,,,,,,0,,,,,,,,,,,,,,,,,,,,,,,2017-11-11,16:29:19.460-08:00
85d172e0-c740-11e7-90b6-81dfcd22b622,1-7cba4ad4ef227bdb4e98665d4f201ebb,WS,Kiryat-Binyamin,sensorData,json,2017-11-11T16:29:19.502-08:00,5,0,3,54.42,0.2,327,,,,,,,,,,,,,,,,,,,,,,,,,,2017-11-11,16:29:19.502-08:00
85d8c5e0-c740-11e7-8516-a1b443649ea9,1-d677bb83318de9c6663e5b06de6efc40,WS,Kiryat-Ata,sensorData,json,2017-11-11T16:29:19.550-08:00,12.4,-1.9,9.5,20.33,1.1,312,23.6,67.9,0,53,12.1,,,,,,,,,,,,,,,,,,,,,2017-11-11,16:29:19.550-08:00
85e967b0-c740-11e7-b396-8b80b3cfc651,1-f03c19c605c44e060f9ebace5bf2fe67,WS,Neve-Shaanan,sensorData,json,2017-11-11T16:29:19.659-08:00,1.2,-0.3,0.7,,1.6,349,,,-1.1,44,,17.4,0,-0.5,-0.09,0,,,,,,,,,,,,,,,,2017-11-11,16:29:19.659-08:00
85f638f2-c740-11e7-a297-b5cc7e104dd1,1-70feb633e6a42b2088716149aab04788,WS,Igud,sensorData,json,2017-11-11T16:29:19.743-08:00,4.6,3,9.3,29.78,0,270,22.3,64.5,0.1,20,8.4,11.9,,,,,24.1,,44,3.4,1003,0,8.2,,,,,,,,,2017-11-11,16:29:19.743-08:00
860c0ae0-c740-11e7-b396-8b80b3cfc651,1-7d62a4b595b2a29b287df80855c7a223,WS,Daliat-el-Carmel,sensorData,json,2017-11-11T16:29:19.886-08:00,9.3,-0.8,7.9,31.99,0.1,121,,,0.9,,12.9,,0,0.8,-0.16,,22.7,1.6,,,,,,,,,,,,,,2017-11-11,16:29:19.886-08:00
861fb9f0-c740-11e7-8516-a1b443649ea9,1-165703337fe509f62c737ea80e533a13,WS,Ahuza,sensorData,json,2017-11-11T16:29:20.015-08:00,2.3,-0.4,1.5,,,,25.7,89.1,,15,9.2,14.6,,,,,23.3,,2,5.3,1005,0,,-0.04,,,,,,,,2017-11-11,16:29:20.015-08:00
862203e0-c740-11e7-90b6-81dfcd22b622,1-2957bf7c3b4de9708e4e849f9a2986fb,WS,Shprintsak,sensorData,json,2017-11-11T16:29:20.030-08:00,5.3,-0.3,4.8,,1.7,269,20.9,77.9,,5,7.9,15.2,,,,,22.9,,40,7.2,984,0,39.8,0.31,84,,,,,,,2017-11-11,16:29:20.030-08:00
862c6422-c740-11e7-a297-b5cc7e104dd1,1-87c41b9138aa6e28a72850e7cdbf3059,WS,Kiryat-Motzkin,sensorData,json,2017-11-11T16:29:20.098-08:00,,,,17.12,1.5,344,27.2,76,0.3,,,,,,,,,,,,,,,,,,,,,,,2017-11-11,16:29:20.098-08:00
86325790-c740-11e7-ad52-afff43ebfbca,1-d8cf5257fcce949385208867454ad5cd,WS,Kiryat-Yam,sensorData,json,2017-11-11T16:29:20.137-08:00,-0.6,0,-0.7,9.08,0.6,278,25.7,,0,,,,,,,,22.4,,,,,,,,57,,,,,,,2017-11-11,16:29:20.137-08:00
8644ce20-c740-11e7-ae37-617ddee8b477,1-d838d169753f5ec754ad56f84fe86c49,WS,Kiryat-Bialik,sensorData,json,2017-11-11T16:29:20.258-08:00,13.8,-0.4,13.1,20.02,0.7,279,24.8,80.2,0,17,20,31,0.1,0,-0.23,3,24.8,,30,,,0,,,66,,,,0.51,,,2017-11-11,16:29:20.258-08:00
86537420-c740-11e7-90b6-81dfcd22b622,1-bf2102c8a570f5089ab1be3c22e87b51,WS,Nesher,sensorData,json,2017-11-11T16:29:20.354-08:00,7.9,0.1,8.1,,,,,22,,,16,26,0,0.1,0,0.4,,,,,,,,0.27,,,,,,,,2017-11-11,16:29:20.354-08:00
87232030-c740-11e7-ad52-afff43ebfbca,1-29a26bcacfd48c30d9c0a543d1af9514,WS,Old-Market,sensorData,json,2017-11-11T16:29:21.715-08:00,,,,36.67,0.2,231,23.7,50,2.3,,,,,,,,,,,,,,,,,,,,,,,2017-11-11,16:29:21.715-08:00
872b3680-c740-11e7-922d-e592d25dbe09,1-fa7430d0b7e91a0c0cfc32a34bf6c8c2,WS,Kiryat-Tivon,sensorData,json,2017-11-11T16:29:21.768-08:00,,,,,,,,,0,,,,,,,,,,,,,,,,,,,,,,,2017-11-11,16:29:21.768-08:00
87345e40-c740-11e7-ae37-617ddee8b477,1-f96f68b76f132faa7eca19f558f45fee,WS,Kiryat-Binyamin,sensorData,json,2017-11-11T16:29:21.828-08:00,,,,47.77,0.4,78,,,,,,,,,,,,,,,,,,,,,,,,,,2017-11-11,16:29:21.828-08:00
8738a400-c740-11e7-90b6-a33da586196f,1-3ebf5e53521ede2cbd6218cc4d9a9d61,WS,Kiryat-Ata,sensorData,json,2017-11-11T16:29:21.856-08:00,,,,15.99,1.1,313,24.1,70.1,0,53,15.3,,,,,,,,,,,,,,,,,,,,,2017-11-11,16:29:21.856-08:00
873b8a30-c740-11e7-922d-e592d25dbe09,1-5f3865f1ed1da7026013e61c81825f3f,WS,Neve-Shaanan,sensorData,json,2017-11-11T16:29:21.875-08:00,,,,,1.1,350,,,-0.6,44,,21.1,0,-0.5,-0.09,0,,,,,,,,,,,,,,,,2017-11-11,16:29:21.875-08:00
87450010-c740-11e7-ae37-617ddee8b477,1-b20f90f3eb93a01a33f705b6efed10fd,WS,Igud,sensorData,json,2017-11-11T16:29:21.937-08:00,7.3,3,11.9,25.41,0.5,349,22.7,58.9,,20,9.3,18.3,,,,,24,,44,9,1003,0,8.4,,,,,,,,,2017-11-11,16:29:21.937-08:00
8747e640-c740-11e7-ae37-617ddee8b477,1-9ec47d14cdf7d431c919ab6ab18bb3b9,WS,Daliat-el-Carmel,sensorData,json,2017-11-11T16:29:21.956-08:00,10.9,-0.1,10.7,19.43,0.3,115,,,,,17.1,,0,1.1,-0.11,,21.9,1.6,,,,,,,,,,,,,,2017-11-11,16:29:21.956-08:00
874b68b0-c740-11e7-8516-a1b443649ea9,1-e3af3175cdbcce0cb2c164b25e15e7e1,WS,Ahuza,sensorData,json,2017-11-11T16:29:21.979-08:00,2,-0.4,1.3,,,,25.6,93.7,-1.3,15,4,6.9,,,,,23.3,,3,2.8,1004,0,,-0.04,,,,,,,,2017-11-11,16:29:21.979-08:00
8758fd40-c740-11e7-8ea3-bdeefb14cb95,1-dc7424b226d18aa6799289c67f4c3b37,WS,Shprintsak,sensorData,json,2017-11-11T16:29:22.068-08:00,4.3,-0.2,3.8,,1.8,279,20.9,81.7,-0.3,5,6.7,5.6,,,,,22.9,,40,-1,983,0,39.8,,82,,,,,,,2017-11-11,16:29:22.068-08:00
875f65e0-c740-11e7-8ea3-bdeefb14cb95,1-05e3c2d45095af28766f6596c2b37524,WS,Kiryat-Motzkin,sensorData,json,2017-11-11T16:29:22.110-08:00,,,,25.97,1.5,337,27.1,77,,,,,,,,,,,,,,,,,,,,,,,,2017-11-11,16:29:22.110-08:00
876ab080-c740-11e7-ad52-afff43ebfbca,1-b55899db66f2f2f46e95c64d27e69fbb,WS,Kiryat-Yam,sensorData,json,2017-11-11T16:29:22.184-08:00,-0.1,-0.1,-0.4,9.69,0.7,277,25.5,,0,,,,,,,,22.3,,,,,,,,58,,,,,,,2017-11-11,16:29:22.184-08:00
87755ee1-c740-11e7-8ea3-bdeefb14cb95,1-ab62d49cd86cb34fbd7dd05004714a25,WS,Kiryat-Bialik,sensorData,json,2017-11-11T16:29:22.254-08:00,2.8,-0.6,1.8,9.88,1,288,24.8,79.8,0,17,17.9,25,0,0,-0.23,2.1,24.7,,30,,,0,,,66,7,0,7,0.51,,,2017-11-11,16:29:22.254-08:00
87786c22-c740-11e7-8516-a1b443649ea9,1-7f367f645409bec8b1755261056fb245,WS,Nesher,sensorData,json,2017-11-11T16:29:22.274-08:00,,,,,,,,18,,,28,44,0,0.1,0.1,0.5,,,,,,,,0.32,,,,,,,,2017-11-11,16:29:22.274-08:00
885ed480-c740-11e7-b396-8b80b3cfc651,1-91fb1f3f92fc3686be4c0c476fcd70f2,WS,Old-Market,sensorData,json,2017-11-11T16:29:23.784-08:00,,,,37.18,0.4,204,23.7,50.4,3,,,,,,,,,,,,,,,,,,,,,,,2017-11-11,16:29:23.784-08:00
885ed482-c740-11e7-ae37-617ddee8b477,1-333515fe957e8f56dcf63e84751ba3cb,WS,Kiryat-Tivon,sensorData,json,2017-11-11T16:29:23.784-08:00,,,,,,,,,0,,,,,,,,,,,,,,,,,,,,,,,2017-11-11,16:29:23.784-08:00
886a4630-c740-11e7-8516-a1b443649ea9,1-28c7ef10b8880c6372986c9fdd15bf16,WS,Kiryat-Binyamin,sensorData,json,2017-11-11T16:29:23.859-08:00,21,0,22,54.9,0.2,114,,,,,,,,,,,,,,,,,,,,,,,,,,2017-11-11,16:29:23.859-08:00
8871c040-c740-11e7-b396-8b80b3cfc651,1-dae456d762065edaf77d06a2727471d9,WS,Neve-Shaanan,sensorData,json,2017-11-11T16:29:23.908-08:00,1.9,-0.2,1.5,,1.2,353,,,-0.7,44,,19,0,-0.5,-0.09,0,,,,,,,,,,,,,,,,2017-11-11,16:29:23.908-08:00
8873e320-c740-11e7-a9dd-914287fc516e,1-10ae5118e43e63eb009c25d66ed34228,WS,Kiryat-Ata,sensorData,json,2017-11-11T16:29:23.922-08:00,9.5,-1.5,7.2,14.81,0.8,317,24,71.3,0,53,16.1,,,,,,,,,,,,,,,,,,,,,2017-11-11,16:29:23.922-08:00
8879d690-c740-11e7-ad52-afff43ebfbca,1-8c10e1d80de0dd1a6fb76ab2a1fa57b3,WS,Daliat-el-Carmel,sensorData,json,2017-11-11T16:29:23.961-08:00,8.3,-0.5,7.4,16.62,0.6,118,,,,,18.5,,0,1,-0.04,,21.7,1.6,,,,,,,,,,,,,,2017-11-11,16:29:23.961-08:00
887ae800-c740-11e7-a297-b5cc7e104dd1,1-c0b82ec529cf32e3d48643546e97b7da,WS,Igud,sensorData,json,2017-11-11T16:29:23.968-08:00,6.8,3,11.5,14.79,0.2,347,22.3,58.2,,20,10.2,21.3,,,,,23.9,,44,11.1,1003,0,9.1,,,,,,,,,2017-11-11,16:29:23.968-08:00
8882fe51-c740-11e7-90b6-81dfcd22b622,1-878d4570c8c9b69031b6cb737a4d7fb3,WS,Ahuza,sensorData,json,2017-11-11T16:29:24.021-08:00,,,,,,,25.6,97.9,-1.3,15,8.9,13.7,,,,,23.2,,3,4.7,1004,0,,-0.04,,,,,,,,2017-11-11,16:29:24.021-08:00
8883c1a0-c740-11e7-8ea3-bdeefb14cb95,1-4e40f3843dcde93c43d75404b9933655,WS,Shprintsak,sensorData,json,2017-11-11T16:29:24.026-08:00,4.1,-0.3,3.6,,1.8,271,20.9,80.6,-0.3,5,8.3,8.7,,,,,22.8,,40,0.4,983,0,39.8,,83,,,,,,,2017-11-11,16:29:24.026-08:00
888a9f70-c740-11e7-826b-4378d3375672,1-468b2cf508e982032148700da32a249f,WS,Kiryat-Motzkin,sensorData,json,2017-11-11T16:29:24.071-08:00,9,0,8,39.68,0.4,318,27,68,,,,,,,,,,,,,,,,,,,,,,,,2017-11-11,16:29:24.071-08:00
888f5a60-c740-11e7-a9dd-914287fc516e,1-690ab1b2f1a5341876cd96e3cdec1060,WS,Kiryat-Yam,sensorData,json,2017-11-11T16:29:24.102-08:00,-0.6,-0.2,-1,9.52,0.6,275,25.5,,-0.1,,,,,,,,22.1,,,,,,,,59,,,,,,,2017-11-11,16:29:24.102-08:00
8897bed0-c740-11e7-8ea3-bdeefb14cb95,1-1790a01efb0bffc7e0485a45252ac57f,WS,Kiryat-Bialik,sensorData,json,2017-11-11T16:29:24.157-08:00,3.2,-0.7,2,13.7,0.6,281,24.7,76.6,0,17,17.1,21,0.1,0,-0.19,2.9,24.7,,30,,,0,,,64,7,0,8,0.36,,,2017-11-11,16:29:24.157-08:00
88a182d0-c740-11e7-ae37-617ddee8b477,1-0ccbf9c255200eb0da05edd49dff3c7d,WS,Nesher,sensorData,json,2017-11-11T16:29:24.221-08:00,8.2,0,8.3,,,,,20,,,6,18,0,0,0,0,,,,,,,,0.27,,,,,,,,2017-11-11,16:29:24.221-08:00
898c09e0-c740-11e7-922d-e592d25dbe09,1-39251800cf84a07502e9094f8b7a1e8d,WS,Old-Market,sensorData,json,2017-11-11T16:29:25.758-08:00,4.2,0.8,5.5,24.96,0.7,187,23.6,,2.5,,,,,,,,,,,,,,,,,,,,,,,2017-11-11,16:29:25.758-08:00
899817d0-c740-11e7-90b6-81dfcd22b622,1-fe6394bd8ae87bd48635e587df96dca2,WS,Kiryat-Tivon,sensorData,json,2017-11-11T16:29:25.837-08:00,,,,,,,,,0,,,,,,,,,,,,,,,,,,,,,,,2017-11-11,16:29:25.837-08:00
899f1cb0-c740-11e7-8ea3-bdeefb14cb95,1-b1a992249a777df943d97204af7279ce,WS,Kiryat-Binyamin,sensorData,json,2017-11-11T16:29:25.883-08:00,26,0,26,32.72,0.3,122,,,,,,,,,,,,,,,,,,,,,,,,,,2017-11-11,16:29:25.883-08:00
89a58552-c740-11e7-8ea3-bdeefb14cb95,1-50e4c0c99fb8fdc2e732f915ba9a4a8b,WS,Kiryat-Ata,sensorData,json,2017-11-11T16:29:25.925-08:00,9,-1.6,6.5,15.98,0.6,309,24,,0,53,15.8,,,,,,,,,,,,,,,,,,,,,2017-11-11,16:29:25.925-08:00
89aa4040-c740-11e7-b396-8b80b3cfc651,1-5844d2325a5ed0af41e8aed82e4a9cd5,WS,Neve-Shaanan,sensorData,json,2017-11-11T16:29:25.956-08:00,2.3,-0.2,1.9,,1,353,,,-1,44,,16.9,0,-0.5,-0.09,0,,,,,,,,,,,,,,,,2017-11-11,16:29:25.956-08:00
89b7d4d0-c740-11e7-8b57-e994f8ea70af,1-b23e2da2cbe71ea23a503db7694c02c4,WS,Daliat-el-Carmel,sensorData,json,2017-11-11T16:29:26.045-08:00,7.4,-1.1,5.7,11.34,0.8,116,,,,,21.9,,-0.2,0.3,-0.18,,21.3,1.1,,,,,,,,,,,,,,2017-11-11,16:29:26.045-08:00
89bda130-c740-11e7-90b6-a33da586196f,1-244d7ea68024588eea58ce8e1be66709,WS,Igud,sensorData,json,2017-11-11T16:29:26.083-08:00,,,,15.86,0.1,1,23,56.5,0,20,10,25.3,,,,,23.6,,45,15.2,1002,0,9.4,,,,,,,,,2017-11-11,16:29:26.083-08:00
89c4a610-c740-11e7-8ea3-bdeefb14cb95,1-e143ddfeded08004a61e917d9507af34,WS,Ahuza,sensorData,json,2017-11-11T16:29:26.129-08:00,,,,,,,25.7,91.6,-1.2,15,8.8,14.1,,,,,22.7,,3,5.3,1004,0,,0,,,,,,,,2017-11-11,16:29:26.129-08:00
89c876a0-c740-11e7-ad52-afff43ebfbca,1-d340c5f649df10478afd58704a251a1f,WS,Shprintsak,sensorData,json,2017-11-11T16:29:26.154-08:00,4.5,-0.2,4.2,,1.6,268,20.9,77.2,-0.4,5,8,5.6,,,,,22.7,,40,-2.3,983,0,39.8,0.27,81,,,,,,,2017-11-11,16:29:26.154-08:00
89cd3190-c740-11e7-8b57-e994f8ea70af,1-603efc9e56bdcc7bec4a4936f84f0e42,WS,Kiryat-Yam,sensorData,json,2017-11-11T16:29:26.185-08:00,-1.3,-0.1,-1.4,5.93,0.7,275,25.5,,0,,,,,,,,22.1,,,,,,,,59,,,,,,,2017-11-11,16:29:26.185-08:00
89d03ed0-c740-11e7-ad52-afff43ebfbca,1-135cf06946644e8378b9f58e4e606768,WS,Kiryat-Motzkin,sensorData,json,2017-11-11T16:29:26.205-08:00,9,0,8,51.71,0.2,147,27.2,64,-0.3,,,,,,,,,,,,,,,,,,,,,,,2017-11-11,16:29:26.205-08:00
89d32500-c740-11e7-ad52-afff43ebfbca,1-84b91147ee055d3e48131ba9b3880a58,WS,Kiryat-Bialik,sensorData,json,2017-11-11T16:29:26.224-08:00,4,-0.6,3,13.59,0.4,266,24.5,,0,17,15.2,20,0,0,-0.19,3.7,24.5,,30,,,0,,,64,4,0,3,,,,2017-11-11,16:29:26.224-08:00
89d98da1-c740-11e7-8ea3-bdeefb14cb95,1-71d26facaa2ced258f63abd1088cee48,WS,Nesher,sensorData,json,2017-11-11T16:29:26.266-08:00,8.5,-0.1,8.3,,,,,,,,28,38,0.2,0.1,0.1,0.5,,,,,,,,0.26,,,,,,,,2017-11-11,16:29:26.266-08:00
